customer_id,age,gender,region,education_level,employment_type,annual_income,loan_amount,loan_purpose,credit_score,repayment_history,transaction_count,spending_ratio,join_date,default_flag
10001,59,Female,South,Primary,Self-Employed,1538977,1436826,Car,385,0,86,15.82,2019-06-06,1
10002,49,Male,West,Primary,Salaried,386371,1409385,Education,766,1,297,25.77,2021-11-01,0
10003,35,Female,East,Primary,Self-Employed,796275,1441730,Education,352,0,56,36.57,2023-12-22,1
10004,63,Female,North,Primary,Salaried,1874502,274737,Car,534,9,119,73.2,2018-09-05,0
10005,28,Male,North,Primary,Salaried,274591,944235,Car,732,9,209,57.42,2021-09-03,0
10006,41,Male,North,Primary,Unemployed,789104,693970,Education,795,8,436,67.01,2024-10-19,0
10007,59,Female,North,Post-Graduate,Salaried,923720,436213,Business,399,9,219,56.03,2023-02-02,0
10008,39,Female,South,Graduate,Salaried,1093681,1153036,Home,702,11,385,66.52,2019-11-17,0
10009,43,Female,South,Primary,Self-Employed,416909,449437,Home,695,12,429,5.26,2019-08-09,0
10010,31,Female,North,Secondary,Self-Employed,1484649,466690,Education,826,7,163,88.78,2024-07-26,0
10011,31,Female,North,Post-Graduate,Salaried,1358468,1073577,Car,714,6,19,14.98,2018-05-23,0
10012,44,Male,North,Post-Graduate,Salaried,1310152,1213951,Business,762,2,424,41.56,2020-08-24,0
10013,56,Male,South,Primary,Salaried,1133667,949092,Education,840,7,362,74.39,2019-12-19,0
10014,60,Male,North,Post-Graduate,Self-Employed,2260932,202117,Home,663,1,166,44.17,2019-10-05,0
10015,44,Female,North,Primary,Salaried,2150892,927751,Other,429,1,270,90.22,2019-01-05,1
10016,23,Male,West,Graduate,Salaried,1030096,1215158,Car,383,10,86,47.08,2021-01-14,0
10017,42,Female,West,Graduate,Unemployed,2351340,972426,Other,570,9,266,83.74,2020-02-26,1
10018,22,Female,North,Post-Graduate,Salaried,740073,728066,Education,543,2,480,77.97,2022-01-23,1
10019,44,Female,East,Post-Graduate,Salaried,1742173,102949,Home,687,6,497,93.29,2020-08-07,0
10020,64,Male,North,Secondary,Salaried,1777059,513930,Business,513,0,140,88.39,2021-09-10,1
10021,50,Female,West,Post-Graduate,Self-Employed,2231742,145558,Other,465,7,76,85.83,2019-06-06,1
10022,58,Male,East,Secondary,Salaried,1224477,1059260,Business,358,11,464,70.84,2023-05-07,0
10023,22,Female,East,Graduate,Salaried,1877512,839148,Home,803,6,237,38.03,2024-09-10,0
10024,41,Male,North,Graduate,Self-Employed,1623300,1246222,Other,422,3,172,14.55,2018-12-21,1
10025,53,Male,West,Primary,Salaried,1748328,767186,Business,712,4,24,66.98,2020-08-04,0
10026,32,Female,West,Graduate,Salaried,2176361,121916,Business,438,9,241,93.08,2024-05-24,1
10027,42,Male,East,Secondary,Salaried,447584,1358166,Other,528,12,204,70.39,2022-01-22,0
10028,64,Male,North,Post-Graduate,Salaried,1555802,822378,Home,573,0,358,88.59,2022-07-06,1
10029,45,Female,South,Primary,Salaried,1042015,1173270,Business,738,3,39,77.39,2019-06-20,1
10030,47,Female,South,Secondary,Salaried,730971,463867,Education,417,0,368,19.68,2021-08-07,1
10031,62,Female,West,Post-Graduate,Salaried,2419654,905126,Other,782,0,347,27.43,2024-01-25,0
10032,48,Female,South,Primary,Salaried,2118067,1380728,Car,694,9,340,35.77,2020-08-07,0
10033,36,Female,West,Graduate,Self-Employed,1706570,1079242,Car,759,0,436,20.14,2019-09-13,0
10034,35,Male,West,Secondary,Unemployed,1801348,120474,Home,377,6,325,57.35,2019-03-04,0
10035,64,Male,West,Post-Graduate,Self-Employed,1004741,400068,Education,711,6,495,92.79,2022-09-22,0
10036,23,Male,South,Primary,Self-Employed,2173615,1360624,Business,374,3,305,73.53,2024-07-30,1
10037,57,Female,West,Primary,Salaried,599777,1041921,Car,594,12,458,43.1,2024-02-22,0
10038,27,Female,East,Graduate,Unemployed,291449,776499,Home,320,11,422,5.41,2019-06-29,0
10039,41,Male,North,Post-Graduate,Salaried,1336995,871412,Education,470,1,339,33.19,2020-04-03,1
10040,29,Male,North,Graduate,Unemployed,445920,1153546,Education,314,11,229,52.41,2020-09-29,0
10041,59,Female,West,Graduate,Unemployed,1778662,1377486,Home,510,2,386,34.18,2019-10-21,1
10042,38,Male,North,Post-Graduate,Self-Employed,285370,691232,Home,385,7,488,14.99,2023-08-21,0
10043,24,Female,South,Post-Graduate,Unemployed,1006636,454911,Business,448,12,156,44.85,2024-09-09,0
10044,45,Female,South,Post-Graduate,Salaried,598377,461012,Home,671,7,268,27.79,2020-01-01,0
10045,34,Female,North,Secondary,Salaried,2150564,1272191,Business,779,10,301,86.83,2023-01-07,0
10046,29,Male,South,Post-Graduate,Salaried,641830,1219070,Business,450,10,308,14.16,2019-02-13,0
10047,46,Female,North,Primary,Salaried,1066004,221277,Other,440,5,152,9.42,2024-08-06,0
10048,22,Female,North,Graduate,Salaried,2490919,541966,Education,368,9,490,5.48,2018-03-25,0
10049,40,Female,North,Secondary,Self-Employed,1743786,346303,Education,559,8,434,34.53,2024-01-13,0
10050,48,Female,West,Post-Graduate,Unemployed,577244,1110092,Education,820,10,244,64.43,2019-12-08,0
10051,27,Female,North,Secondary,Salaried,654677,1411212,Other,670,11,124,70.74,2023-05-16,0
10052,64,Female,West,Post-Graduate,Self-Employed,966698,865518,Business,718,8,374,45.79,2021-12-18,0
10053,28,Male,North,Secondary,Unemployed,668895,233163,Business,400,3,99,66.59,2018-05-14,1
10054,55,Female,North,Graduate,Unemployed,1425393,1226599,Home,542,11,217,37.39,2020-02-27,0
10055,34,Female,North,Graduate,Unemployed,2239319,422339,Other,811,0,173,65.1,2020-05-13,0
10056,37,Male,South,Primary,Salaried,1081515,1277414,Home,394,0,490,8.65,2019-10-29,1
10057,56,Female,West,Primary,Unemployed,2359821,875169,Other,525,11,93,40.17,2018-10-04,0
10058,60,Female,West,Post-Graduate,Self-Employed,942330,321409,Home,817,9,86,76.18,2022-11-11,0
10059,24,Female,North,Graduate,Salaried,430539,688453,Car,513,4,170,77.27,2020-05-31,1
10060,22,Male,North,Secondary,Salaried,1892955,693789,Education,366,12,14,69.45,2023-08-23,0
10061,26,Male,South,Secondary,Self-Employed,416150,1431710,Education,695,1,494,23.38,2024-07-17,0
10062,62,Other,South,Secondary,Salaried,1995964,544670,Business,311,5,87,27.25,2023-09-14,0
10063,24,Female,South,Primary,Self-Employed,639415,851818,Car,536,6,100,94.65,2021-05-22,1
10064,49,Male,West,Secondary,Self-Employed,2122158,873857,Education,698,0,96,14.3,2024-09-18,0
10065,38,Female,West,Primary,Salaried,796012,171635,Business,706,5,279,21.26,2018-06-08,0
10066,46,Female,West,Primary,Salaried,1785765,748614,Car,779,7,113,16.7,2021-02-07,0
10067,64,Female,North,Post-Graduate,Self-Employed,874857,270935,Education,521,11,461,34.49,2023-01-26,0
10068,54,Female,West,Secondary,Salaried,2419798,1152210,Home,455,4,496,23.92,2018-10-06,0
10069,30,Male,East,Secondary,Salaried,2490086,1054221,Other,727,11,348,49.79,2018-04-21,0
10070,56,Male,East,Graduate,Salaried,2155534,753022,Car,457,6,184,47.84,2024-10-14,0
10071,34,Male,South,Post-Graduate,Salaried,282659,923420,Business,715,9,63,86.14,2019-06-26,0
10072,51,Female,West,Graduate,Unemployed,789872,542503,Car,625,5,397,8.13,2021-02-12,0
10073,35,Male,East,Post-Graduate,Salaried,2239237,268599,Business,670,3,487,33.79,2018-12-26,0
10074,28,Male,South,Secondary,Self-Employed,897108,287919,Car,643,6,220,58.7,2024-08-16,0
10075,34,Male,West,Primary,Salaried,1086320,518668,Business,561,9,104,59.43,2021-05-23,0
10076,43,Female,North,Primary,Salaried,965864,453359,Education,582,8,232,48.21,2022-10-23,0
10077,60,Female,East,Primary,Self-Employed,2225838,1390144,Home,528,9,18,78.41,2020-08-12,1
10078,41,Male,North,Primary,Self-Employed,1378265,1449564,Education,579,9,62,10.64,2024-04-25,0
10079,36,Male,West,Primary,Salaried,1363865,878416,Home,589,12,86,78.39,2023-12-08,1
10080,38,Female,East,Graduate,Salaried,1481604,91505,Education,346,6,215,49.53,2020-09-02,0
10081,44,Male,West,Post-Graduate,Salaried,417598,1201054,Education,513,11,325,17.04,2020-07-01,0
10082,46,Male,North,Secondary,Salaried,1797824,1161275,Car,323,4,311,84.71,2021-02-25,1
10083,45,Male,East,Graduate,Self-Employed,1300997,994461,Other,620,6,319,63.43,2019-12-24,0
10084,61,Male,North,Post-Graduate,Salaried,1766482,950444,Business,573,2,339,19.72,2022-09-08,1
10085,49,Male,West,Primary,Salaried,1151452,204721,Business,612,1,121,8.03,2018-11-21,0
10086,35,Female,West,Post-Graduate,Salaried,1245687,1060165,Business,662,10,360,17.7,2022-03-10,0
10087,21,Male,North,Post-Graduate,Unemployed,582829,871190,Home,679,4,174,59.79,2022-03-30,0
10088,45,Female,East,Primary,Unemployed,366750,186668,Business,769,3,288,21.14,2020-12-09,0
10089,27,Male,North,Primary,Salaried,270592,328518,Business,415,4,36,25.32,2023-04-30,0
10090,29,Female,West,Primary,Self-Employed,384000,692974,Car,341,7,79,7.26,2022-05-27,0
10091,44,Female,North,Secondary,Salaried,472137,1364495,Education,678,11,227,70.06,2023-10-18,0
10092,21,Male,West,Primary,Salaried,529653,1484520,Business,505,3,459,77.93,2019-01-26,1
10093,64,Female,North,Secondary,Self-Employed,1260178,857461,Other,765,8,374,76.72,2024-08-27,0
10094,28,Male,East,Primary,Unemployed,2450269,658269,Business,579,6,198,16.48,2018-01-16,0
10095,44,Other,East,Secondary,Unemployed,387069,1414359,Home,417,9,342,86.3,2020-04-25,1
10096,31,Male,North,Post-Graduate,Salaried,716510,1212586,Home,536,12,444,65.51,2020-05-18,0
10097,37,Male,North,Graduate,Salaried,1440894,573472,Home,608,11,315,85.78,2019-07-22,0
10098,28,Male,East,Post-Graduate,Self-Employed,1788197,456884,Business,755,6,133,45.24,2023-12-20,0
10099,55,Other,West,Post-Graduate,Salaried,858092,309021,Car,774,12,28,44.33,2023-07-13,0
10100,55,Female,East,Primary,Salaried,1247996,197032,Other,399,12,266,75.61,2024-05-09,1
10101,53,Female,West,Secondary,Salaried,749792,700807,Business,560,7,305,13.4,2022-07-05,0
10102,25,Male,North,Graduate,Self-Employed,1725326,1241005,Car,604,11,425,51.88,2018-12-23,0
10103,62,Female,North,Primary,Salaried,773607,507820,Car,653,5,31,80.27,2022-07-15,0
10104,59,Male,West,Primary,Salaried,814635,939171,Business,585,7,377,79.72,2024-03-30,1
10105,61,Female,North,Primary,Unemployed,2210293,1412516,Business,627,2,486,91.05,2018-02-05,1
10106,48,Male,West,Post-Graduate,Salaried,2246836,327948,Car,402,9,459,67.84,2024-09-26,0
10107,27,Male,South,Secondary,Salaried,818629,1083237,Car,362,9,49,23.7,2020-10-24,0
10108,29,Male,East,Secondary,Salaried,1852457,209204,Car,581,0,47,6.83,2023-09-23,1
10109,28,Male,South,Graduate,Salaried,1321248,973953,Business,740,5,57,48.15,2018-04-24,0
10110,32,Female,West,Secondary,Salaried,1533640,1379785,Car,592,0,192,51.23,2022-11-08,1
10111,54,Male,East,Secondary,Salaried,663953,937935,Home,306,8,84,26.62,2024-09-10,0
10112,53,Female,West,Primary,Self-Employed,2007561,155072,Business,391,1,218,16.22,2021-04-12,1
10113,43,Male,East,Primary,Salaried,194036,714490,Home,489,10,192,57.76,2021-07-02,0
10114,44,Female,East,Post-Graduate,Unemployed,1347017,139360,Education,775,1,444,73.78,2019-04-11,0
10115,57,Male,East,Primary,Salaried,2390019,112287,Business,810,6,116,94.38,2022-01-27,0
10116,55,Male,East,Primary,Salaried,519349,1336585,Education,761,1,197,73.25,2020-04-26,0
10117,64,Female,West,Primary,Salaried,835503,757062,Car,352,9,273,76.43,2019-05-17,1
10118,60,Male,East,Primary,Salaried,572641,742353,Car,785,7,95,60.48,2019-03-17,0
10119,42,Male,East,Post-Graduate,Self-Employed,2073217,737235,Other,789,5,333,93.73,2023-10-18,0
10120,47,Female,South,Primary,Salaried,487283,820644,Car,663,6,340,62.6,2018-11-22,0
10121,55,Female,North,Graduate,Salaried,1728232,711414,Education,411,6,465,82.42,2022-11-01,1
10122,21,Male,North,Graduate,Self-Employed,733117,280881,Car,708,5,146,90.12,2018-03-08,0
10123,55,Male,South,Graduate,Unemployed,541180,1205933,Business,306,9,355,88.69,2018-10-31,1
10124,57,Female,South,Graduate,Self-Employed,1652086,257440,Car,496,10,395,39.33,2020-08-29,0
10125,34,Male,West,Primary,Salaried,783718,603958,Other,666,8,345,12.08,2019-04-29,0
10126,23,Male,West,Graduate,Self-Employed,2259458,924820,Car,549,12,104,20.47,2020-07-17,0
10127,21,Male,West,Primary,Salaried,728110,1449876,Education,539,8,335,10.33,2021-12-11,0
10128,25,Female,South,Post-Graduate,Salaried,174042,1257955,Education,679,6,254,14.49,2018-05-29,0
10129,46,Female,South,Graduate,Salaried,558302,818447,Car,770,8,478,21.62,2024-04-14,0
10130,34,Male,East,Secondary,Salaried,897410,1296735,Education,754,12,99,35.7,2021-01-29,0
10131,59,Male,West,Graduate,Salaried,299395,244152,Education,665,9,68,53.92,2018-04-06,0
10132,47,Male,West,Graduate,Salaried,1085783,653623,Other,589,2,412,69.05,2018-10-09,1
10133,29,Female,West,Primary,Self-Employed,1507719,862744,Business,702,2,37,23.98,2024-06-27,0
10134,35,Male,North,Graduate,Salaried,2309932,1072660,Other,357,0,81,65.53,2019-06-13,1
10135,35,Male,East,Secondary,Salaried,1915520,1165561,Home,820,4,279,68.38,2024-04-29,0
10136,46,Female,West,Primary,Salaried,2098010,1025112,Other,603,3,33,55.28,2022-07-01,0
10137,62,Male,West,Primary,Unemployed,1642017,533178,Car,414,1,121,86.33,2019-08-03,1
10138,33,Female,West,Post-Graduate,Salaried,1891888,1269925,Business,509,8,309,14.99,2022-07-22,0
10139,52,Male,North,Post-Graduate,Salaried,1891599,605839,Car,340,2,494,20.94,2024-05-30,1
10140,59,Male,North,Graduate,Self-Employed,272019,664101,Home,472,7,65,43.58,2022-06-20,0
10141,52,Male,South,Post-Graduate,Self-Employed,521852,499813,Business,533,5,483,16.4,2024-09-08,0
10142,24,Female,East,Post-Graduate,Salaried,1915317,1485062,Education,702,12,232,55.97,2020-03-20,0
10143,50,Female,South,Post-Graduate,Self-Employed,329001,1108213,Other,338,4,129,40.86,2019-11-24,0
10144,57,Female,East,Primary,Self-Employed,834494,1003197,Car,418,0,188,30.61,2018-08-23,1
10145,43,Male,North,Primary,Self-Employed,743731,977328,Home,634,3,297,20.3,2020-08-09,0
10146,59,Female,West,Primary,Salaried,810187,601238,Education,635,2,443,35.18,2023-01-29,0
10147,35,Male,South,Post-Graduate,Self-Employed,246143,466704,Other,838,0,434,59.72,2021-09-22,0
10148,63,Male,West,Primary,Salaried,294771,50215,Education,373,11,459,56.82,2020-10-28,0
10149,49,Female,South,Post-Graduate,Salaried,1170332,417747,Other,490,4,290,19.73,2022-01-06,0
10150,56,Male,North,Primary,Salaried,1705289,847955,Business,623,5,381,16.24,2023-05-19,0
10151,33,Male,North,Primary,Salaried,1158923,905121,Education,446,1,198,7.4,2019-06-23,1
10152,52,Male,North,Secondary,Salaried,1970908,1122410,Education,583,2,75,6.12,2020-03-30,1
10153,27,Male,South,Graduate,Self-Employed,810673,1395194,Education,512,10,307,84.18,2022-08-09,1
10154,42,Male,East,Post-Graduate,Salaried,1867534,1067375,Business,693,5,458,9.06,2018-09-29,0
10155,48,Female,South,Secondary,Salaried,261362,322544,Home,638,3,429,70.81,2020-10-25,0
10156,22,Male,East,Primary,Salaried,1489527,584633,Other,321,8,258,83.48,2023-04-07,1
10157,62,Female,South,Post-Graduate,Salaried,2186503,1132472,Education,404,4,85,13.83,2021-05-27,0
10158,26,Female,South,Primary,Unemployed,326298,864661,Business,765,3,146,44.27,2021-02-15,0
10159,48,Male,North,Graduate,Salaried,623288,560269,Home,758,1,173,91.61,2019-08-16,1
10160,48,Male,West,Secondary,Salaried,2038007,1366303,Other,731,5,242,80.07,2022-05-25,0
10161,64,Male,West,Graduate,Salaried,1909814,972401,Business,520,9,264,49.07,2018-04-25,0
10162,64,Female,East,Secondary,Salaried,1889122,563622,Other,678,1,485,73.63,2024-04-29,0
10163,40,Male,West,Primary,Salaried,925292,1170113,Education,521,11,303,80.0,2022-08-05,1
10164,50,Female,South,Graduate,Self-Employed,2483647,447783,Home,557,12,426,36.32,2021-12-16,0
10165,31,Male,South,Graduate,Unemployed,2060217,703936,Business,666,6,179,85.29,2018-07-26,0
10166,48,Female,North,Primary,Salaried,1750741,949084,Home,648,2,326,47.34,2024-06-08,0
10167,45,Male,North,Graduate,Self-Employed,339073,520455,Education,524,8,183,52.5,2018-04-22,0
10168,59,Male,West,Post-Graduate,Self-Employed,509281,718689,Home,535,10,479,94.97,2021-12-11,1
10169,53,Female,East,Secondary,Self-Employed,369707,282117,Home,482,4,354,80.9,2023-02-26,1
10170,21,Female,West,Secondary,Salaried,2488401,1432512,Car,743,7,454,37.56,2018-07-04,0
10171,47,Male,West,Secondary,Salaried,1235610,1492020,Home,305,10,27,5.93,2022-10-31,0
10172,33,Female,West,Post-Graduate,Salaried,321389,1311862,Other,535,5,79,61.36,2020-06-19,0
10173,61,Female,West,Secondary,Self-Employed,1209165,611340,Business,426,11,347,68.35,2018-08-09,0
10174,23,Female,South,Primary,Self-Employed,1255797,500985,Car,403,9,125,63.57,2022-01-07,0
10175,59,Female,East,Graduate,Salaried,975963,96032,Business,779,7,89,92.11,2020-12-29,0
10176,26,Male,South,Post-Graduate,Salaried,726515,554910,Business,454,12,24,82.67,2024-10-10,1
10177,28,Male,East,Secondary,Unemployed,243078,1056225,Education,556,12,185,45.39,2023-07-06,0
10178,47,Male,North,Primary,Self-Employed,2200053,1394406,Education,534,10,465,10.66,2024-10-26,0
10179,29,Female,West,Graduate,Unemployed,977679,913413,Car,799,11,278,47.85,2019-08-24,0
10180,57,Female,South,Graduate,Self-Employed,909401,673090,Education,588,2,128,67.03,2021-03-06,1
10181,53,Male,East,Post-Graduate,Salaried,2135681,970313,Education,809,2,308,59.69,2019-05-19,0
10182,62,Male,North,Post-Graduate,Salaried,2210046,1332913,Education,597,4,197,53.43,2023-12-19,0
10183,64,Female,North,Post-Graduate,Self-Employed,1969231,1271433,Business,436,10,66,47.19,2018-08-06,0
10184,44,Other,West,Primary,Salaried,1076921,479763,Car,675,9,208,31.44,2024-01-28,0
10185,35,Female,East,Primary,Salaried,1699317,354962,Business,386,2,26,29.96,2022-02-07,1
10186,52,Male,South,Post-Graduate,Self-Employed,218207,1432647,Other,718,7,443,50.02,2019-09-04,0
10187,52,Male,West,Secondary,Salaried,1038698,391609,Business,498,9,297,19.45,2021-02-26,0
10188,44,Male,South,Graduate,Self-Employed,2358578,800887,Other,762,12,415,35.66,2018-02-26,0
10189,61,Female,North,Graduate,Salaried,1709657,687509,Home,736,11,64,34.16,2021-04-19,0
10190,32,Male,South,Primary,Unemployed,2381946,349477,Home,609,7,450,57.84,2018-09-03,0
10191,59,Female,South,Graduate,Salaried,1893967,1225033,Other,580,1,278,11.0,2018-05-24,1
10192,22,Male,West,Secondary,Salaried,695726,1377296,Other,622,11,312,79.67,2019-01-03,0
10193,23,Female,South,Graduate,Self-Employed,2291008,1218451,Business,451,3,96,55.61,2022-01-22,1
10194,57,Female,West,Primary,Salaried,592244,930432,Other,601,9,327,65.37,2024-03-15,0
10195,37,Female,North,Primary,Self-Employed,986309,516995,Car,577,12,447,68.28,2019-09-08,0
10196,22,Male,West,Secondary,Self-Employed,640999,605889,Home,307,0,38,31.23,2023-02-25,1
10197,22,Male,West,Secondary,Salaried,767762,904378,Home,534,3,31,47.33,2022-05-08,1
10198,48,Male,East,Graduate,Salaried,2156549,1412836,Other,601,11,330,91.06,2024-10-25,0
10199,43,Female,South,Graduate,Salaried,1938053,678474,Education,337,12,294,74.0,2019-11-30,0
10200,57,Female,North,Primary,Salaried,557407,899326,Education,435,12,57,92.26,2020-05-25,1
10201,52,Female,West,Secondary,Unemployed,1021158,739995,Other,720,10,14,72.16,2022-08-13,0
10202,53,Female,North,Secondary,Self-Employed,1453306,1327623,Car,518,12,259,20.8,2020-08-02,0
10203,21,Female,East,Secondary,Self-Employed,1445308,142850,Education,647,3,172,10.81,2020-07-11,0
10204,39,Male,South,Graduate,Self-Employed,570602,946197,Other,845,9,211,56.99,2022-10-13,0
10205,22,Female,West,Secondary,Salaried,1777650,1453411,Car,378,8,476,37.2,2018-01-25,0
10206,64,Male,South,Primary,Unemployed,206635,1292522,Car,572,2,110,29.79,2022-08-15,1
10207,46,Male,East,Primary,Self-Employed,1551430,520949,Business,460,1,80,77.65,2022-04-09,1
10208,52,Female,East,Graduate,Self-Employed,2493136,865943,Car,607,8,439,38.03,2020-12-19,0
10209,26,Male,North,Post-Graduate,Self-Employed,1523713,917392,Education,673,8,172,33.53,2019-03-10,0
10210,52,Male,West,Graduate,Salaried,1311328,1016325,Education,308,0,182,81.5,2020-12-25,1
10211,24,Female,North,Post-Graduate,Self-Employed,378584,1347776,Other,743,5,150,81.17,2023-05-06,0
10212,31,Male,East,Secondary,Salaried,2380038,775527,Other,412,9,147,37.07,2023-11-24,0
10213,37,Female,South,Graduate,Salaried,1277113,1405182,Car,504,7,75,79.92,2018-04-06,1
10214,58,Male,North,Primary,Salaried,1870444,533410,Home,704,2,207,81.57,2018-06-17,1
10215,44,Male,North,Secondary,Unemployed,235166,1303179,Business,496,10,337,43.15,2023-09-21,0
10216,25,Male,South,Primary,Self-Employed,1014285,784172,Home,414,8,237,10.98,2023-03-18,0
10217,54,Male,North,Secondary,Self-Employed,447883,159779,Car,420,1,290,5.14,2023-11-22,1
10218,26,Female,South,Graduate,Self-Employed,313052,1117133,Car,364,5,181,52.1,2023-02-12,0
10219,42,Male,West,Post-Graduate,Salaried,906079,1257708,Home,575,0,325,35.97,2023-06-22,1
10220,31,Female,South,Secondary,Unemployed,2070024,502082,Business,538,12,440,94.74,2024-05-18,1
10221,36,Male,West,Post-Graduate,Salaried,1593401,384248,Home,601,6,49,74.52,2021-02-07,0
10222,53,Female,South,Secondary,Salaried,2313405,711440,Other,691,2,16,73.51,2023-07-04,0
10223,29,Female,East,Primary,Salaried,765416,1243502,Education,821,6,183,90.97,2020-01-19,0
10224,26,Female,East,Primary,Self-Employed,2408233,773055,Other,668,3,160,84.9,2023-03-07,1
10225,36,Male,West,Secondary,Self-Employed,1336430,1282630,Education,532,8,220,33.64,2020-04-10,0
10226,49,Male,West,Post-Graduate,Salaried,2062162,615369,Car,494,4,311,19.94,2018-02-18,0
10227,23,Male,East,Graduate,Salaried,1929810,971872,Business,311,2,95,72.13,2018-04-25,1
10228,40,Female,West,Graduate,Self-Employed,1310714,804981,Home,476,7,406,39.04,2021-03-24,0
10229,56,Male,South,Primary,Salaried,462916,431325,Business,516,5,262,47.59,2022-07-31,0
10230,39,Female,South,Graduate,Self-Employed,190149,863526,Home,310,1,30,61.74,2018-03-12,1
10231,46,Female,East,Primary,Unemployed,498844,1013544,Other,745,2,266,86.71,2021-09-21,1
10232,23,Male,North,Graduate,Salaried,278447,378910,Other,463,7,388,42.72,2018-03-08,0
10233,39,Female,South,Secondary,Salaried,1204271,1253639,Home,850,9,412,75.5,2022-02-25,0
10234,40,Male,West,Primary,Self-Employed,1762033,733970,Business,352,6,390,29.15,2022-08-01,0
10235,52,Male,North,Primary,Self-Employed,830913,655751,Home,517,9,453,67.82,2022-11-13,0
10236,27,Female,North,Secondary,Salaried,1564474,1385186,Car,659,5,42,5.14,2020-08-24,0
10237,61,Female,South,Primary,Unemployed,503039,523656,Other,684,0,269,83.44,2024-02-07,1
10238,53,Female,South,Graduate,Salaried,1511425,1008379,Car,355,8,243,7.73,2022-11-25,0
10239,60,Male,North,Graduate,Salaried,2440146,1124657,Other,417,2,12,69.15,2019-09-05,1
10240,59,Male,North,Primary,Self-Employed,1576420,1122930,Other,552,4,356,9.16,2023-03-02,0
10241,38,Female,East,Graduate,Self-Employed,1200457,667585,Education,479,6,317,28.96,2022-06-11,0
10242,60,Female,West,Post-Graduate,Salaried,2155647,854732,Car,714,6,498,49.75,2019-11-28,0
10243,21,Female,East,Primary,Self-Employed,1719720,1162960,Car,534,2,236,42.79,2024-04-14,1
10244,31,Male,South,Secondary,Salaried,1277787,897324,Education,379,3,293,22.27,2021-05-22,1
10245,48,Female,East,Post-Graduate,Salaried,1137626,85525,Business,321,9,79,35.04,2024-08-03,0
10246,45,Male,East,Primary,Salaried,1090335,994036,Car,776,6,463,70.49,2018-09-06,0
10247,43,Male,East,Secondary,Self-Employed,2085657,56464,Home,739,7,448,65.23,2019-09-30,0
10248,51,Female,East,Graduate,Salaried,2132539,425572,Education,392,1,322,11.46,2020-08-07,1
10249,50,Male,West,Secondary,Salaried,1109820,1211140,Car,491,8,373,72.26,2023-03-20,0
10250,62,Female,West,Post-Graduate,Salaried,869846,1468767,Business,402,6,480,9.77,2021-01-16,0
10251,55,Male,North,Graduate,Self-Employed,1859813,606922,Car,695,12,263,53.86,2018-06-25,0
10252,27,Male,South,Primary,Self-Employed,1238129,244215,Other,306,7,490,28.41,2019-12-24,0
10253,36,Female,East,Graduate,Self-Employed,1705929,315039,Home,530,5,153,57.89,2024-10-09,0
10254,46,Female,North,Primary,Salaried,1059210,1441579,Education,539,5,33,28.52,2020-02-10,0
10255,22,Female,North,Primary,Self-Employed,2102026,1017241,Other,389,8,462,93.65,2023-05-02,1
10256,21,Female,North,Secondary,Salaried,182766,154127,Business,531,3,434,32.88,2019-12-04,1
10257,32,Female,West,Secondary,Self-Employed,2196023,146426,Other,756,10,243,26.78,2023-10-30,0
10258,25,Female,East,Secondary,Unemployed,705710,999520,Other,532,10,342,30.06,2020-07-15,0
10259,57,Female,East,Post-Graduate,Salaried,2244966,1290952,Business,653,4,184,85.68,2018-05-18,0
10260,52,Male,South,Post-Graduate,Self-Employed,424349,1110538,Other,632,8,341,62.26,2024-07-25,0
10261,29,Female,East,Secondary,Salaried,629806,83302,Education,738,0,334,70.76,2021-02-23,0
10262,61,Male,East,Post-Graduate,Salaried,1965419,1446102,Car,674,3,366,87.62,2023-04-25,1
10263,55,Other,North,Graduate,Salaried,1610235,54011,Other,591,6,168,87.07,2023-03-07,1
10264,39,Female,South,Graduate,Salaried,1608316,69782,Education,644,10,357,71.51,2023-02-22,0
10265,36,Male,East,Post-Graduate,Salaried,1577197,1297339,Car,727,8,357,22.8,2021-06-07,0
10266,23,Female,West,Post-Graduate,Self-Employed,1226778,482941,Car,429,12,295,80.9,2022-01-23,1
10267,40,Female,East,Graduate,Salaried,589358,1142035,Other,440,10,27,23.34,2021-09-30,0
10268,44,Male,North,Primary,Self-Employed,887744,661533,Education,714,11,53,71.86,2018-11-06,0
10269,53,Female,West,Graduate,Salaried,2268007,572829,Other,392,12,164,66.7,2020-11-09,0
10270,44,Female,North,Graduate,Salaried,461385,653151,Business,583,9,364,73.3,2022-07-29,0
10271,31,Male,East,Post-Graduate,Self-Employed,2470220,959638,Car,522,5,419,52.94,2022-04-14,0
10272,28,Female,West,Graduate,Salaried,2213534,1461730,Other,762,11,386,62.49,2022-05-03,0
10273,56,Male,South,Post-Graduate,Salaried,1083476,1131345,Car,844,7,240,90.8,2022-02-09,0
10274,58,Female,South,Post-Graduate,Self-Employed,2370957,419673,Education,575,12,380,14.1,2024-05-05,0
10275,60,Other,West,Secondary,Salaried,2078854,1123276,Home,439,8,325,32.8,2020-02-09,0
10276,40,Female,West,Graduate,Salaried,959359,1043931,Other,656,9,411,60.02,2018-01-16,0
10277,55,Male,North,Primary,Salaried,2362809,281237,Other,322,3,234,91.76,2019-08-29,1
10278,45,Female,West,Secondary,Unemployed,2351580,958063,Car,569,0,226,13.6,2021-10-13,1
10279,55,Female,North,Post-Graduate,Self-Employed,2369187,356024,Education,632,7,65,7.03,2020-03-23,0
10280,45,Male,East,Post-Graduate,Self-Employed,1644139,164003,Business,384,1,40,10.02,2023-06-14,1
10281,49,Female,North,Primary,Self-Employed,1429356,1237968,Education,330,10,366,9.72,2020-06-13,0
10282,38,Male,West,Post-Graduate,Salaried,1940146,99589,Other,539,0,68,86.7,2022-04-17,1
10283,38,Female,West,Graduate,Salaried,219518,300606,Business,662,12,389,69.91,2024-05-05,0
10284,22,Male,East,Secondary,Self-Employed,326355,781636,Education,688,6,395,65.94,2019-02-18,0
10285,55,Male,West,Post-Graduate,Salaried,2066334,610185,Home,598,11,362,52.03,2018-01-25,0
10286,36,Male,West,Post-Graduate,Salaried,270243,239637,Car,670,9,432,75.38,2023-06-28,0
10287,61,Female,South,Primary,Salaried,1157378,736290,Education,398,8,454,19.01,2018-11-12,0
10288,56,Male,South,Graduate,Salaried,1997756,1312469,Education,346,10,244,40.27,2019-07-25,0
10289,53,Female,East,Post-Graduate,Unemployed,2269844,1169510,Home,721,11,116,49.1,2019-12-26,0
10290,24,Male,North,Primary,Salaried,1847818,630118,Other,779,11,200,14.94,2023-01-24,0
10291,53,Male,South,Post-Graduate,Salaried,2468620,317673,Car,361,8,489,42.76,2021-07-23,0
10292,34,Female,North,Primary,Salaried,2327304,406742,Education,408,2,27,33.49,2023-05-08,1
10293,41,Female,West,Primary,Unemployed,2251121,807582,Business,848,5,410,8.2,2019-01-24,0
10294,40,Male,South,Graduate,Salaried,1234309,132987,Education,418,6,235,17.31,2019-03-20,0
10295,28,Female,East,Post-Graduate,Salaried,191743,1236585,Car,681,9,176,73.76,2020-08-28,0
10296,27,Female,East,Graduate,Self-Employed,1853057,1482672,Education,691,8,80,6.62,2024-08-12,0
10297,23,Female,East,Primary,Self-Employed,320948,614174,Home,351,1,371,89.08,2023-05-19,1
10298,37,Male,South,Secondary,Salaried,1043877,599567,Education,588,7,63,12.78,2024-07-17,0
10299,53,Male,North,Post-Graduate,Salaried,2267475,481322,Education,636,6,254,76.93,2023-01-03,0
10300,32,Female,West,Secondary,Salaried,1477148,160776,Business,503,3,492,85.88,2018-10-31,1
10301,42,Male,North,Post-Graduate,Salaried,651793,418444,Home,537,1,359,89.7,2020-02-03,1
10302,42,Female,North,Graduate,Salaried,476284,1212369,Home,681,7,85,83.07,2023-05-28,0
10303,50,Female,West,Graduate,Salaried,1980314,1476998,Education,435,10,44,30.88,2020-03-26,0
10304,58,Female,West,Graduate,Salaried,2068837,260809,Business,706,4,276,34.98,2023-11-30,0
10305,58,Female,South,Graduate,Salaried,418508,1270192,Education,807,5,326,43.39,2020-05-27,0
10306,28,Other,South,Graduate,Self-Employed,541011,1463967,Education,661,10,309,17.54,2019-12-04,0
10307,47,Male,South,Secondary,Unemployed,1627141,1340838,Car,680,6,130,7.0,2020-08-01,0
10308,47,Female,South,Graduate,Self-Employed,1854627,583285,Car,553,9,333,83.22,2024-05-15,1
10309,54,Male,South,Primary,Salaried,932259,1204678,Business,776,0,34,54.87,2024-08-26,0
10310,41,Male,West,Primary,Salaried,1818462,922143,Other,413,7,441,59.79,2023-08-23,0
10311,50,Female,North,Secondary,Unemployed,1920403,1476765,Car,319,3,169,88.43,2018-10-30,1
10312,53,Female,South,Post-Graduate,Salaried,326968,615148,Other,827,12,93,64.86,2022-04-29,0
10313,48,Other,South,Primary,Salaried,2304214,1363945,Home,444,8,123,67.18,2018-06-09,0
10314,53,Female,North,Post-Graduate,Salaried,885122,1026974,Car,507,0,232,75.83,2024-01-11,1
10315,25,Male,South,Secondary,Self-Employed,1426485,687506,Car,830,10,397,15.47,2024-02-07,0
10316,39,Male,North,Post-Graduate,Self-Employed,656995,572070,Business,675,1,175,37.41,2021-04-18,0
10317,24,Female,North,Post-Graduate,Salaried,2335454,157041,Other,803,5,200,92.14,2024-08-21,0
10318,55,Male,West,Post-Graduate,Salaried,2217790,424368,Car,465,10,184,88.06,2021-04-06,1
10319,37,Male,East,Post-Graduate,Unemployed,2222723,375800,Car,849,9,10,84.57,2021-03-19,0
10320,64,Male,West,Secondary,Salaried,1183224,766438,Business,480,10,396,45.69,2023-08-26,0
10321,48,Male,East,Primary,Self-Employed,715635,531862,Business,743,0,238,82.15,2021-01-19,1
10322,50,Male,East,Graduate,Self-Employed,677409,1174866,Other,631,3,95,9.36,2021-02-17,0
10323,49,Male,East,Post-Graduate,Self-Employed,2330945,1155209,Home,802,7,71,18.37,2023-06-03,0
10324,26,Male,South,Primary,Salaried,1751028,1219694,Home,378,9,329,42.26,2018-09-10,0
10325,55,Male,West,Primary,Salaried,437635,748961,Education,695,4,410,48.51,2021-12-03,0
10326,61,Other,East,Secondary,Salaried,733510,1101690,Car,402,12,391,28.72,2023-09-10,0
10327,57,Male,North,Primary,Self-Employed,678036,862934,Other,701,8,215,37.08,2020-01-01,0
10328,44,Male,South,Secondary,Unemployed,1749417,99768,Car,523,10,114,19.65,2024-05-25,0
10329,49,Female,West,Post-Graduate,Salaried,734668,1408848,Other,817,10,327,49.02,2019-05-13,0
10330,51,Male,East,Post-Graduate,Salaried,2291483,1023069,Other,535,5,300,76.45,2021-11-29,1
10331,55,Female,North,Graduate,Unemployed,901393,133123,Other,726,0,259,64.52,2019-07-02,0
10332,53,Female,West,Graduate,Self-Employed,1843481,216405,Car,415,5,22,14.7,2020-08-18,0
10333,41,Male,West,Graduate,Self-Employed,975992,53174,Business,462,5,172,48.88,2018-05-12,0
10334,52,Male,South,Primary,Salaried,750198,167769,Car,525,12,52,67.79,2021-09-09,0
10335,43,Female,West,Post-Graduate,Salaried,547891,347542,Other,529,5,395,52.69,2020-05-07,0
10336,53,Female,South,Secondary,Self-Employed,650201,479145,Education,481,7,449,40.25,2021-03-01,0
10337,23,Male,East,Graduate,Self-Employed,1191566,1233969,Home,548,5,120,60.97,2023-07-26,0
10338,38,Female,South,Secondary,Salaried,1194863,1484269,Other,617,4,214,92.18,2019-06-05,0
10339,45,Male,North,Secondary,Salaried,1208644,816868,Education,509,10,393,13.54,2018-01-30,0
10340,62,Other,South,Graduate,Salaried,1037198,1285069,Business,691,1,265,40.1,2023-08-14,0
10341,51,Male,North,Post-Graduate,Salaried,1769282,646923,Other,395,3,316,41.59,2019-05-24,1
10342,23,Female,South,Graduate,Salaried,1985295,978864,Education,385,9,447,56.93,2021-06-14,0
10343,60,Female,West,Secondary,Unemployed,1220913,817166,Other,714,4,153,18.7,2022-04-08,0
10344,44,Female,East,Graduate,Salaried,397667,267070,Car,693,9,155,20.9,2018-01-16,0
10345,52,Female,North,Secondary,Self-Employed,806521,449017,Education,800,3,400,30.68,2020-09-23,0
10346,42,Male,South,Secondary,Salaried,1037099,981775,Car,432,1,310,91.03,2022-05-27,1
10347,43,Male,South,Graduate,Self-Employed,1550791,419359,Car,613,6,173,71.07,2023-01-14,0
10348,22,Male,South,Primary,Unemployed,1567231,1248632,Education,520,9,178,64.55,2023-07-10,0
10349,47,Male,West,Graduate,Salaried,1681181,924527,Home,737,9,487,78.53,2021-06-07,0
10350,62,Female,West,Primary,Salaried,557974,897374,Education,345,1,307,16.48,2022-10-10,1
10351,22,Male,North,Secondary,Salaried,283248,193933,Home,491,0,242,82.34,2024-04-29,1
10352,46,Male,North,Secondary,Salaried,1301882,1197546,Other,819,4,400,58.53,2020-12-24,0
10353,37,Other,West,Primary,Self-Employed,2411878,1180779,Other,678,11,280,35.18,2024-05-01,0
10354,60,Female,North,Secondary,Unemployed,1094131,1290895,Education,633,12,69,78.43,2021-09-23,0
10355,53,Female,East,Primary,Salaried,850270,1298749,Other,338,0,305,77.23,2019-01-13,1
10356,29,Other,East,Primary,Salaried,240417,551946,Business,592,0,476,81.11,2021-04-13,1
10357,63,Male,West,Secondary,Salaried,578638,726337,Car,461,0,244,15.4,2019-04-21,1
10358,59,Male,North,Post-Graduate,Self-Employed,1210560,1316302,Car,630,5,174,92.24,2021-07-13,0
10359,49,Female,South,Primary,Salaried,1287888,924609,Home,403,8,203,91.37,2018-11-25,1
10360,62,Female,East,Graduate,Salaried,342458,142172,Other,460,9,243,37.17,2023-01-14,0
10361,46,Male,West,Graduate,Self-Employed,674608,720990,Home,353,12,377,10.93,2021-04-01,0
10362,55,Female,North,Secondary,Self-Employed,1685963,594344,Car,333,10,192,20.04,2019-03-14,0
10363,45,Male,West,Post-Graduate,Salaried,2073782,1237030,Car,541,11,342,94.35,2021-10-22,1
10364,44,Male,South,Secondary,Self-Employed,565105,1154315,Other,412,0,241,55.67,2022-11-09,1
10365,33,Female,East,Post-Graduate,Salaried,1558791,98639,Business,617,4,370,37.1,2021-05-07,0
10366,27,Female,West,Primary,Salaried,1453659,503054,Business,322,8,116,30.94,2022-03-04,0
10367,56,Female,West,Primary,Self-Employed,2126850,489257,Other,417,8,387,28.13,2023-08-26,0
10368,40,Male,West,Primary,Self-Employed,2288929,837424,Other,511,0,232,64.77,2023-01-19,1
10369,21,Female,South,Primary,Salaried,196250,646682,Home,717,7,89,42.74,2021-08-12,0
10370,28,Male,West,Graduate,Salaried,1041372,379801,Other,412,0,243,91.89,2020-05-17,1
10371,36,Male,South,Graduate,Salaried,1500850,863592,Business,343,7,390,66.55,2022-12-17,0
10372,34,Female,South,Secondary,Salaried,625147,232447,Other,427,0,193,76.28,2020-09-10,1
10373,32,Female,South,Post-Graduate,Salaried,1903282,398586,Home,457,11,437,31.35,2021-06-16,0
10374,43,Female,East,Primary,Salaried,2262368,724932,Home,693,4,194,12.13,2021-08-17,0
10375,35,Female,East,Primary,Salaried,1026336,430069,Home,811,7,143,48.9,2023-08-16,0
10376,48,Female,West,Post-Graduate,Self-Employed,2392433,54136,Home,344,5,229,33.31,2020-10-15,0
10377,54,Female,West,Post-Graduate,Self-Employed,853803,111868,Education,407,8,297,23.19,2022-11-25,0
10378,22,Male,East,Secondary,Self-Employed,1737893,394407,Other,518,0,373,90.74,2020-03-17,1
10379,52,Male,North,Post-Graduate,Salaried,1659405,868599,Car,742,8,211,44.96,2023-03-09,0
10380,43,Male,East,Primary,Unemployed,884803,160957,Other,614,0,379,20.72,2021-11-10,0
10381,42,Male,South,Primary,Self-Employed,2435221,589767,Education,476,9,155,22.88,2021-08-11,0
10382,45,Female,East,Primary,Self-Employed,264456,169392,Home,527,9,333,30.26,2021-02-15,0
10383,42,Female,South,Primary,Self-Employed,1006841,710183,Education,566,2,136,94.94,2019-02-09,1
10384,42,Male,West,Primary,Unemployed,1568060,830516,Business,678,0,466,29.12,2022-11-22,0
10385,62,Male,North,Secondary,Salaried,183783,1300104,Business,788,2,144,34.59,2019-08-17,0
10386,26,Female,West,Primary,Salaried,184152,856017,Other,589,11,123,64.34,2018-01-12,0
10387,35,Male,South,Secondary,Self-Employed,594718,1333423,Other,656,10,273,31.46,2024-01-22,0
10388,63,Female,South,Primary,Self-Employed,1751956,911501,Car,503,12,73,24.42,2021-08-10,0
10389,57,Female,South,Graduate,Self-Employed,298725,1400615,Car,512,1,144,19.28,2022-03-23,1
10390,53,Female,North,Graduate,Salaried,641215,315864,Business,622,1,50,33.14,2023-10-27,0
10391,28,Female,East,Graduate,Salaried,1953500,331411,Home,480,8,305,14.53,2019-09-06,0
10392,64,Female,West,Graduate,Salaried,2418693,1245344,Education,798,7,12,6.68,2023-06-10,0
10393,64,Male,West,Secondary,Unemployed,1058017,735328,Car,619,0,410,77.42,2020-05-18,1
10394,25,Female,East,Secondary,Salaried,471898,365508,Car,382,11,203,17.41,2020-03-22,0
10395,59,Female,West,Post-Graduate,Salaried,835338,466561,Home,602,3,472,74.84,2022-12-28,0
10396,24,Male,North,Primary,Salaried,2290321,101567,Home,561,12,119,76.78,2020-02-06,1
10397,26,Female,West,Graduate,Salaried,204745,141229,Other,499,0,230,53.41,2018-03-23,1
10398,52,Female,South,Secondary,Self-Employed,1833032,1029111,Education,539,0,379,32.87,2022-10-11,1
10399,50,Female,East,Primary,Self-Employed,788273,1297892,Home,594,11,377,18.05,2024-03-06,0
10400,55,Female,North,Primary,Self-Employed,1188347,914950,Car,811,11,445,71.31,2019-06-06,0
10401,60,Female,East,Secondary,Salaried,1910328,657132,Car,695,3,415,59.12,2021-08-20,0
10402,36,Female,North,Graduate,Self-Employed,2268219,1262567,Business,437,1,13,63.99,2020-09-20,1
10403,33,Female,South,Post-Graduate,Salaried,2298185,689888,Home,428,2,253,5.78,2022-03-06,1
10404,62,Female,East,Primary,Self-Employed,195256,674913,Other,348,10,399,88.48,2022-01-09,1
10405,50,Female,West,Post-Graduate,Salaried,2486607,967999,Education,592,8,175,10.97,2022-02-22,0
10406,39,Female,North,Graduate,Salaried,652264,881187,Other,835,1,35,38.01,2020-02-20,0
10407,37,Female,East,Graduate,Self-Employed,1089695,1131900,Car,610,3,404,41.24,2021-12-22,0
10408,39,Male,West,Post-Graduate,Unemployed,2333955,915361,Other,836,0,483,5.12,2019-07-13,0
10409,48,Female,East,Graduate,Salaried,1402390,444768,Car,533,1,26,49.74,2023-11-09,1
10410,46,Female,East,Primary,Self-Employed,2365995,101272,Car,508,4,225,72.75,2023-07-31,0
10411,57,Male,East,Post-Graduate,Salaried,629809,479069,Car,393,9,101,79.09,2022-10-20,1
10412,46,Female,North,Graduate,Salaried,1411179,299264,Car,626,0,492,84.15,2020-05-09,1
10413,43,Male,West,Post-Graduate,Salaried,1917413,738284,Car,524,10,40,48.89,2022-06-01,0
10414,29,Male,South,Primary,Salaried,294282,286538,Business,310,6,214,61.76,2019-07-10,0
10415,32,Female,North,Graduate,Salaried,2121277,628963,Other,628,3,428,12.16,2018-06-05,0
10416,21,Male,North,Primary,Salaried,1967793,565447,Business,311,5,409,48.92,2023-08-12,0
10417,21,Female,North,Graduate,Salaried,1502206,1172167,Business,334,7,216,18.93,2021-10-12,0
10418,54,Female,South,Secondary,Unemployed,1094740,203706,Home,746,12,116,38.27,2020-04-04,0
10419,52,Female,West,Graduate,Salaried,2052716,1393083,Home,751,5,155,34.64,2022-05-12,0
10420,45,Male,West,Post-Graduate,Self-Employed,1310038,1293400,Home,519,1,376,43.12,2020-12-17,1
10421,60,Male,West,Graduate,Salaried,1346311,389148,Education,740,0,110,56.45,2021-04-18,0
10422,21,Female,East,Primary,Self-Employed,2078084,1023902,Home,834,7,377,86.26,2019-05-08,0
10423,36,Other,East,Primary,Salaried,399737,803818,Other,528,7,327,40.5,2019-10-31,0
10424,59,Female,East,Graduate,Salaried,292157,877150,Business,643,8,377,93.3,2018-03-16,0
10425,25,Male,South,Post-Graduate,Salaried,1550465,1212203,Other,379,5,250,73.31,2019-01-06,0
10426,42,Female,East,Secondary,Salaried,2437319,339014,Home,652,11,498,51.03,2019-08-10,0
10427,49,Female,South,Post-Graduate,Salaried,743805,1135970,Education,695,0,420,62.96,2018-11-25,0
10428,23,Female,West,Secondary,Self-Employed,1875089,888489,Education,589,8,256,14.2,2019-08-13,0
10429,32,Male,East,Primary,Self-Employed,1334895,1178371,Business,754,11,172,81.01,2022-11-26,0
10430,46,Female,East,Post-Graduate,Self-Employed,1612603,392553,Other,427,12,381,57.41,2020-02-16,0
10431,36,Female,North,Secondary,Self-Employed,1425029,92137,Car,842,2,182,93.75,2023-07-16,1
10432,57,Other,South,Graduate,Salaried,286645,1491945,Other,658,10,44,62.28,2024-06-09,0
10433,42,Male,West,Primary,Salaried,1192092,188925,Home,826,5,293,80.07,2019-08-02,0
10434,49,Female,North,Graduate,Salaried,1802131,586667,Car,612,9,368,76.98,2018-08-09,0
10435,34,Female,North,Primary,Salaried,1336837,983296,Education,374,12,390,36.09,2021-04-02,0
10436,48,Male,West,Post-Graduate,Salaried,492221,171169,Business,845,9,367,28.36,2022-02-12,0
10437,25,Female,North,Post-Graduate,Salaried,1329580,1268015,Business,495,10,402,43.74,2024-08-19,0
10438,50,Female,South,Primary,Salaried,203687,1247748,Education,328,11,469,47.05,2022-09-04,0
10439,25,Male,South,Primary,Salaried,1004744,425233,Home,315,8,408,26.61,2022-10-12,0
10440,32,Male,East,Primary,Self-Employed,1306191,1030960,Education,722,10,30,85.51,2018-07-07,0
10441,36,Female,North,Post-Graduate,Self-Employed,1129091,1492578,Home,704,12,317,53.83,2021-04-29,0
10442,46,Male,East,Secondary,Salaried,754453,513120,Car,830,2,172,93.06,2021-01-14,1
10443,46,Female,North,Graduate,Unemployed,732111,884123,Education,376,4,499,77.9,2020-04-23,1
10444,41,Male,South,Graduate,Unemployed,2189660,1266688,Home,528,12,106,55.01,2019-06-15,0
10445,59,Female,South,Post-Graduate,Salaried,2169450,823815,Car,596,4,316,90.23,2020-12-06,1
10446,56,Male,South,Graduate,Salaried,656554,274062,Education,809,9,348,50.44,2020-08-20,0
10447,53,Female,North,Primary,Salaried,2121140,107986,Business,837,6,64,84.84,2021-03-15,0
10448,50,Other,South,Secondary,Unemployed,2201789,481978,Education,625,3,480,37.23,2021-11-06,0
10449,57,Other,North,Graduate,Self-Employed,1277109,1455494,Other,662,10,342,39.08,2019-06-01,0
10450,43,Female,East,Secondary,Salaried,390011,1203891,Education,658,3,136,42.63,2023-03-04,0
10451,30,Male,North,Primary,Salaried,1387903,369348,Other,623,6,437,54.2,2024-10-09,0
10452,25,Female,East,Graduate,Salaried,1703744,1380805,Car,625,8,202,54.81,2022-01-31,0
10453,56,Male,North,Post-Graduate,Salaried,222684,752214,Education,464,10,252,49.68,2021-01-22,0
10454,54,Male,East,Secondary,Salaried,1648710,745139,Car,754,3,358,32.54,2018-05-13,0
10455,51,Male,South,Primary,Self-Employed,1938220,275687,Car,452,3,97,88.45,2018-11-10,1
10456,30,Female,East,Secondary,Self-Employed,1415197,1394700,Home,426,5,345,57.97,2019-08-14,0
10457,39,Female,South,Graduate,Self-Employed,1980288,892549,Car,492,5,418,41.7,2022-03-24,0
10458,52,Female,South,Graduate,Self-Employed,2141336,195213,Car,829,6,224,63.61,2024-01-16,0
10459,21,Male,East,Post-Graduate,Self-Employed,1991646,714704,Education,309,0,101,74.12,2023-03-01,1
10460,25,Male,North,Primary,Salaried,1756241,65896,Education,391,12,312,91.47,2022-06-15,1
10461,24,Other,North,Primary,Self-Employed,1746246,139353,Business,438,10,473,49.96,2020-01-18,0
10462,36,Male,West,Post-Graduate,Salaried,1969239,79813,Home,780,2,244,15.09,2022-02-06,0
10463,44,Male,North,Post-Graduate,Self-Employed,861423,1164255,Car,748,8,193,44.67,2020-03-11,0
10464,36,Male,West,Primary,Salaried,2400618,716041,Home,632,5,47,48.11,2024-09-23,0
10465,22,Female,North,Secondary,Self-Employed,384318,1496374,Other,639,5,148,85.73,2022-02-06,0
10466,48,Female,North,Secondary,Salaried,281936,259755,Car,351,4,204,40.53,2021-10-11,0
10467,52,Male,South,Post-Graduate,Salaried,1107726,323541,Home,765,10,24,90.8,2019-11-11,0
10468,47,Male,West,Secondary,Salaried,2129746,1397731,Business,774,2,266,48.66,2023-12-02,0
10469,40,Female,North,Primary,Salaried,797952,405398,Business,700,10,144,92.64,2020-06-15,0
10470,44,Female,West,Graduate,Self-Employed,1018277,1277562,Car,738,4,10,5.74,2022-03-27,0
10471,32,Male,South,Graduate,Self-Employed,1446573,265705,Other,808,0,58,85.89,2022-11-29,1
10472,55,Female,South,Secondary,Salaried,1268166,1091741,Business,452,2,105,88.8,2023-10-14,1
10473,53,Male,West,Post-Graduate,Salaried,1714371,1400816,Business,813,3,210,91.49,2019-11-15,1
10474,53,Male,South,Post-Graduate,Salaried,1504018,365929,Other,802,4,422,6.18,2021-07-19,0
10475,63,Female,East,Post-Graduate,Salaried,1654900,102344,Home,305,9,35,20.45,2022-08-13,0
10476,57,Male,East,Post-Graduate,Salaried,1771788,820348,Business,799,8,352,63.84,2021-10-17,0
10477,32,Female,South,Post-Graduate,Self-Employed,559925,525859,Education,417,3,438,7.29,2024-01-03,1
10478,23,Male,East,Secondary,Salaried,341896,956814,Business,784,2,244,10.72,2020-07-31,0
10479,21,Male,North,Graduate,Salaried,1239118,773906,Home,767,9,358,24.9,2021-08-02,0
10480,53,Other,West,Graduate,Salaried,563461,508819,Home,460,0,253,51.12,2020-10-30,1
10481,60,Male,North,Secondary,Salaried,1233329,1258060,Car,569,12,367,54.13,2024-02-12,0
10482,30,Female,West,Post-Graduate,Salaried,383979,1209065,Education,355,9,490,8.08,2022-06-09,0
10483,63,Male,South,Secondary,Self-Employed,758986,494874,Home,527,5,336,20.33,2020-03-19,0
10484,64,Male,North,Graduate,Salaried,428104,61549,Other,448,6,405,49.97,2018-06-20,0
10485,49,Male,South,Primary,Salaried,1229367,75739,Education,345,9,360,58.45,2024-03-10,0
10486,33,Female,South,Secondary,Salaried,1175270,857641,Education,443,7,425,18.36,2022-04-03,0
10487,32,Male,West,Post-Graduate,Salaried,2148547,681339,Other,639,11,383,40.9,2022-05-15,0
10488,51,Female,West,Graduate,Salaried,1525147,1113692,Business,712,0,413,86.4,2022-06-12,1
10489,22,Male,West,Graduate,Unemployed,747578,594333,Other,819,11,384,94.9,2018-01-27,0
10490,55,Other,North,Graduate,Self-Employed,285150,993831,Other,643,3,60,93.85,2020-10-10,1
10491,43,Male,East,Graduate,Salaried,1145893,85709,Business,686,10,90,84.35,2020-12-27,0
10492,37,Female,West,Post-Graduate,Salaried,1989050,1027643,Business,772,4,45,40.52,2019-02-12,0
10493,46,Female,West,Primary,Salaried,1790975,1031652,Business,574,1,76,66.79,2021-02-06,1
10494,28,Female,North,Graduate,Salaried,2090066,279167,Business,652,0,138,42.49,2018-03-15,0
10495,49,Female,West,Secondary,Self-Employed,493150,355063,Business,365,7,379,63.37,2019-11-11,0
10496,46,Female,North,Primary,Self-Employed,1696064,919953,Other,378,5,164,32.85,2021-10-23,0
10497,30,Female,South,Graduate,Salaried,929091,536121,Car,501,4,254,59.56,2020-04-28,0
10498,46,Male,West,Primary,Salaried,2316791,1050904,Car,412,12,120,52.14,2020-05-19,0
10499,54,Male,West,Secondary,Salaried,1515103,269222,Home,390,8,177,7.2,2018-08-25,0
10500,61,Female,South,Graduate,Self-Employed,1856930,763806,Car,440,12,490,76.16,2024-08-22,1
10501,27,Female,South,Secondary,Self-Employed,1923216,757788,Car,588,10,477,6.07,2020-06-24,0
10502,24,Female,South,Post-Graduate,Salaried,1114795,1015398,Other,710,12,151,31.38,2024-08-20,0
10503,31,Female,West,Graduate,Salaried,1851538,1048653,Business,676,10,365,5.53,2019-09-11,0
10504,49,Male,East,Graduate,Self-Employed,1728458,842879,Business,683,1,206,38.86,2020-10-29,0
10505,56,Male,East,Graduate,Salaried,1959771,1392035,Other,451,9,480,10.68,2024-02-22,0
10506,45,Female,East,Graduate,Salaried,419515,182371,Car,618,11,118,87.22,2021-08-06,0
10507,41,Male,West,Post-Graduate,Salaried,1770179,432650,Other,668,7,385,42.41,2020-04-26,0
10508,56,Male,South,Graduate,Self-Employed,1937500,1072509,Home,761,10,88,46.35,2023-04-08,0
10509,30,Female,West,Primary,Salaried,2479672,710354,Business,311,9,399,36.49,2019-09-26,0
10510,57,Male,South,Graduate,Salaried,1802390,800774,Education,455,12,170,61.48,2020-10-14,0
10511,29,Female,West,Post-Graduate,Self-Employed,821986,1310811,Home,776,8,448,75.6,2018-01-08,0
10512,44,Male,West,Graduate,Salaried,2484482,832119,Home,700,0,28,63.33,2021-10-24,0
10513,55,Female,South,Primary,Salaried,287900,974993,Other,476,6,136,72.34,2020-12-04,0
10514,55,Male,East,Post-Graduate,Salaried,469658,403791,Car,640,7,214,86.54,2024-07-19,0
10515,56,Male,South,Post-Graduate,Salaried,650364,1393075,Business,356,2,38,82.72,2022-11-16,1
10516,38,Male,North,Primary,Self-Employed,1434283,1434525,Education,747,3,454,65.67,2022-07-01,0
10517,59,Male,North,Primary,Salaried,1703493,1429087,Home,502,12,463,24.32,2021-05-01,0
10518,52,Male,South,Primary,Salaried,1653061,1470626,Education,501,2,216,62.39,2020-04-28,1
10519,44,Male,West,Primary,Salaried,663066,1478129,Car,629,6,473,50.55,2021-10-12,0
10520,43,Female,North,Primary,Self-Employed,2070967,913787,Car,662,8,289,69.55,2018-03-03,0
10521,52,Male,North,Post-Graduate,Self-Employed,1308343,166220,Education,753,2,160,79.96,2020-12-21,1
10522,57,Female,West,Post-Graduate,Salaried,691529,271421,Business,655,12,249,71.84,2024-10-05,0
10523,32,Female,West,Graduate,Salaried,304226,399317,Car,515,5,275,81.19,2022-12-23,1
10524,33,Female,East,Graduate,Self-Employed,1112454,838428,Education,322,7,191,10.75,2019-09-25,0
10525,43,Male,West,Secondary,Salaried,2303548,880819,Home,454,5,114,7.85,2020-03-02,0
10526,45,Female,South,Graduate,Self-Employed,1691019,1082469,Education,485,1,434,28.27,2021-07-24,1
10527,55,Male,South,Graduate,Self-Employed,268920,1101665,Education,548,12,442,86.06,2021-12-25,1
10528,61,Male,East,Primary,Self-Employed,556547,935259,Other,433,6,410,79.13,2021-02-12,1
10529,50,Other,North,Primary,Salaried,2442151,1381379,Car,620,1,449,66.45,2022-09-08,0
10530,37,Male,North,Graduate,Salaried,1809090,1405898,Business,689,1,245,68.07,2019-06-09,0
10531,40,Female,West,Secondary,Self-Employed,1807583,670253,Business,733,1,182,70.4,2023-07-14,0
10532,45,Female,South,Primary,Salaried,213014,655556,Other,321,10,167,89.83,2020-06-17,1
10533,42,Female,North,Graduate,Salaried,2432702,397186,Business,424,0,181,79.9,2024-01-20,1
10534,33,Female,East,Graduate,Self-Employed,1866190,1467191,Education,378,10,467,61.11,2020-02-26,0
10535,39,Male,East,Post-Graduate,Self-Employed,1385382,1300374,Other,350,0,320,64.91,2021-09-22,1
10536,56,Male,South,Secondary,Salaried,1620413,1430831,Home,475,6,412,24.24,2024-08-23,0
10537,32,Female,East,Post-Graduate,Salaried,1183994,287103,Car,552,12,166,64.16,2018-06-22,0
10538,61,Male,East,Secondary,Salaried,488585,739925,Car,545,11,267,43.22,2020-09-26,0
10539,39,Male,South,Primary,Self-Employed,506778,139242,Car,405,4,173,18.77,2022-12-16,0
10540,32,Male,West,Secondary,Unemployed,1447682,1473924,Education,492,10,156,77.58,2018-03-05,1
10541,29,Male,West,Graduate,Salaried,1691037,1097146,Home,615,2,400,50.92,2021-09-07,0
10542,27,Male,East,Graduate,Salaried,810197,1252532,Other,601,0,163,92.97,2020-09-01,1
10543,48,Male,West,Secondary,Self-Employed,1681817,634326,Other,847,10,472,30.35,2018-03-07,0
10544,34,Female,West,Secondary,Salaried,2187312,946068,Car,567,9,376,48.26,2023-02-10,0
10545,51,Female,East,Secondary,Salaried,2165074,810330,Home,469,5,47,45.32,2022-06-11,0
10546,39,Female,West,Post-Graduate,Unemployed,1670871,885726,Home,850,10,140,15.87,2019-04-03,0
10547,36,Male,East,Secondary,Salaried,675754,783375,Home,754,0,367,43.35,2022-05-22,0
10548,25,Male,North,Primary,Self-Employed,496030,215250,Business,591,8,264,30.88,2023-05-12,0
10549,55,Male,South,Post-Graduate,Salaried,1952502,572820,Business,440,1,217,19.43,2022-10-07,1
10550,32,Female,South,Post-Graduate,Salaried,1612538,312678,Car,445,0,459,30.39,2021-12-20,1
10551,45,Female,West,Secondary,Self-Employed,2335574,872564,Home,724,11,104,25.99,2023-05-14,0
10552,41,Male,West,Primary,Salaried,1701676,348254,Home,613,6,357,71.07,2024-02-04,0
10553,56,Female,West,Post-Graduate,Unemployed,2176819,900012,Other,483,5,336,7.77,2023-05-09,0
10554,43,Male,South,Graduate,Salaried,2224520,1424736,Other,427,5,487,60.57,2018-10-07,0
10555,36,Female,North,Post-Graduate,Salaried,1165691,96233,Car,586,4,180,73.46,2024-07-19,0
10556,59,Female,North,Secondary,Salaried,1819771,1296356,Home,552,10,259,48.27,2020-11-06,0
10557,62,Female,South,Primary,Salaried,1108378,501448,Car,685,3,199,88.84,2024-06-01,1
10558,59,Female,North,Secondary,Salaried,882722,798810,Other,529,10,208,68.71,2024-02-28,0
10559,34,Female,South,Graduate,Salaried,1036388,1053941,Other,570,3,493,72.31,2020-08-19,1
10560,51,Male,North,Graduate,Salaried,1941396,156311,Business,714,2,230,22.72,2023-04-27,0
10561,25,Female,East,Graduate,Salaried,1980957,546246,Car,497,9,33,74.96,2021-05-02,0
10562,55,Male,East,Secondary,Self-Employed,1625159,79709,Car,622,7,253,79.89,2019-01-10,0
10563,43,Female,South,Post-Graduate,Self-Employed,1350847,1098939,Home,355,6,432,37.51,2023-03-27,0
10564,49,Female,North,Secondary,Self-Employed,1184104,544829,Home,502,8,333,24.2,2018-02-04,0
10565,63,Female,West,Primary,Salaried,994156,446456,Business,437,0,137,39.65,2021-10-24,1
10566,31,Male,North,Post-Graduate,Salaried,1366053,95689,Education,721,6,102,71.56,2023-09-08,0
10567,38,Female,East,Graduate,Self-Employed,1427880,1362656,Education,356,9,309,42.59,2020-02-14,0
10568,32,Female,East,Secondary,Salaried,965363,948704,Education,370,3,142,71.3,2018-08-09,1
10569,29,Female,North,Graduate,Salaried,1994298,225037,Car,671,6,64,15.22,2023-10-02,0
10570,30,Male,North,Graduate,Self-Employed,1844000,258606,Car,813,12,486,77.54,2023-10-25,0
10571,64,Male,West,Primary,Self-Employed,1540598,1099458,Other,383,11,167,27.79,2019-05-09,0
10572,37,Male,West,Post-Graduate,Salaried,502621,829110,Car,342,0,38,27.4,2022-09-08,1
10573,58,Male,North,Primary,Salaried,881658,1224441,Car,432,4,419,58.13,2023-12-05,0
10574,27,Female,North,Primary,Self-Employed,835493,1079516,Car,694,2,220,11.31,2018-10-07,0
10575,33,Male,North,Primary,Salaried,1568006,78885,Business,364,4,163,7.37,2020-01-16,0
10576,60,Other,North,Graduate,Self-Employed,1609096,446419,Car,589,3,302,28.49,2024-05-31,1
10577,62,Male,South,Primary,Self-Employed,2354725,765601,Home,675,1,484,53.43,2022-01-14,0
10578,29,Male,North,Primary,Self-Employed,2031554,445460,Home,766,10,231,86.69,2023-02-01,0
10579,47,Female,West,Post-Graduate,Salaried,460435,410466,Other,512,3,124,81.18,2022-03-22,1
10580,22,Female,East,Post-Graduate,Salaried,308477,1082833,Business,447,2,446,49.14,2021-01-01,1
10581,25,Female,South,Primary,Self-Employed,1350475,1429339,Home,770,12,167,8.33,2020-11-25,0
10582,49,Female,North,Post-Graduate,Self-Employed,1165197,71584,Business,448,0,268,53.17,2023-04-07,1
10583,57,Female,East,Post-Graduate,Self-Employed,1496652,869973,Business,387,11,260,68.43,2023-06-29,0
10584,58,Male,South,Primary,Salaried,2130407,603351,Other,623,9,131,35.52,2019-05-12,0
10585,39,Other,East,Graduate,Salaried,2098888,1168844,Business,695,7,308,15.0,2024-03-03,0
10586,28,Other,North,Primary,Self-Employed,951125,830594,Car,703,4,272,30.07,2024-10-09,0
10587,21,Female,North,Post-Graduate,Self-Employed,2342942,1478926,Business,381,3,390,74.44,2018-02-13,1
10588,42,Male,West,Graduate,Unemployed,1083044,1269211,Other,585,9,58,36.61,2023-01-26,0
10589,37,Female,North,Secondary,Self-Employed,1918693,220824,Other,681,11,386,78.08,2019-03-30,0
10590,27,Male,North,Graduate,Salaried,2141161,800593,Other,569,4,338,33.76,2019-08-18,0
10591,45,Male,South,Post-Graduate,Self-Employed,1460015,1494359,Home,591,3,306,19.72,2021-09-18,1
10592,24,Male,West,Graduate,Self-Employed,1209926,650699,Car,752,2,371,44.23,2019-05-22,0
10593,56,Male,South,Primary,Salaried,468953,1208452,Home,323,4,86,45.7,2020-03-04,0
10594,26,Female,East,Secondary,Self-Employed,251894,1296729,Education,610,3,472,6.45,2018-01-21,0
10595,51,Female,North,Secondary,Salaried,1558277,734500,Car,760,0,447,15.53,2021-10-31,0
10596,39,Female,East,Secondary,Salaried,2144449,714687,Business,507,11,136,21.64,2024-09-27,0
10597,64,Male,South,Post-Graduate,Self-Employed,1754592,1038167,Other,737,2,206,15.22,2020-12-30,0
10598,59,Male,North,Post-Graduate,Salaried,429720,73331,Education,837,9,230,35.74,2021-11-28,0
10599,47,Male,North,Secondary,Salaried,1198966,73004,Car,635,9,492,91.82,2022-05-05,0
10600,30,Other,South,Graduate,Salaried,556245,1337017,Home,721,7,100,50.83,2022-12-20,0
10601,46,Male,South,Secondary,Salaried,172490,955675,Other,620,6,420,61.48,2021-11-21,0
10602,39,Female,South,Graduate,Salaried,982307,498013,Home,796,1,17,37.07,2018-12-03,0
10603,59,Female,South,Graduate,Salaried,2239632,239167,Car,462,0,41,34.11,2022-07-26,1
10604,23,Male,South,Post-Graduate,Unemployed,1990875,981253,Car,840,2,477,7.08,2020-06-28,0
10605,33,Female,North,Graduate,Salaried,755108,332260,Education,464,4,329,50.03,2018-10-03,0
10606,48,Female,South,Secondary,Salaried,151539,592955,Business,594,9,403,48.52,2020-06-10,0
10607,40,Female,North,Post-Graduate,Salaried,462579,1435777,Home,341,10,278,19.2,2018-01-13,0
10608,48,Female,North,Primary,Self-Employed,2311117,1125878,Education,584,11,200,73.79,2020-10-23,0
10609,28,Male,South,Primary,Salaried,1713825,1260583,Other,686,0,358,49.34,2020-08-31,0
10610,61,Male,South,Post-Graduate,Self-Employed,1296375,646822,Business,437,2,172,35.51,2018-06-24,1
10611,59,Female,West,Secondary,Self-Employed,1674631,1261272,Education,486,2,70,18.22,2021-11-09,1
10612,21,Female,North,Primary,Self-Employed,1341890,1112016,Home,730,4,447,54.69,2022-06-14,0
10613,23,Male,South,Primary,Salaried,2495251,423145,Car,715,2,273,72.75,2023-04-28,0
10614,33,Female,South,Graduate,Self-Employed,1180065,1407221,Other,725,12,294,30.38,2024-04-07,0
10615,48,Female,South,Graduate,Salaried,917610,444485,Home,715,8,104,24.69,2019-07-01,0
10616,45,Female,West,Secondary,Unemployed,1957642,844300,Business,325,0,50,51.97,2023-08-24,1
10617,53,Male,West,Post-Graduate,Self-Employed,1056395,735611,Business,670,3,423,18.98,2021-05-03,0
10618,58,Female,East,Secondary,Salaried,1985515,390053,Car,684,12,479,65.0,2021-11-21,0
10619,26,Female,North,Post-Graduate,Salaried,486430,744089,Car,355,12,158,59.48,2021-12-25,0
10620,64,Male,East,Primary,Salaried,812714,590022,Other,552,9,213,12.84,2021-12-04,0
10621,52,Male,South,Graduate,Self-Employed,2094606,1270985,Other,405,9,276,8.29,2018-01-03,0
10622,41,Other,West,Secondary,Salaried,760724,395744,Car,429,3,11,60.83,2023-01-17,1
10623,36,Male,West,Secondary,Salaried,2457600,557173,Car,675,0,187,31.49,2020-01-17,0
10624,41,Female,East,Post-Graduate,Salaried,1120278,714471,Business,607,1,434,12.78,2020-05-21,0
10625,31,Female,West,Post-Graduate,Self-Employed,645919,1310231,Car,390,10,203,73.35,2019-05-10,0
10626,57,Male,South,Secondary,Self-Employed,1227209,482184,Education,692,0,491,33.26,2024-09-30,0
10627,56,Female,West,Post-Graduate,Self-Employed,960927,1259725,Home,833,5,396,46.36,2021-11-15,0
10628,55,Male,East,Secondary,Self-Employed,2459608,289654,Car,409,2,345,26.31,2019-09-20,1
10629,39,Female,South,Secondary,Salaried,1497203,477991,Other,639,6,444,61.46,2020-12-11,0
10630,40,Male,East,Secondary,Salaried,616589,1287792,Education,655,4,205,32.13,2018-05-22,0
10631,38,Female,West,Primary,Self-Employed,1337018,1275745,Other,467,8,352,92.12,2022-01-27,1
10632,61,Male,East,Post-Graduate,Salaried,1842737,860935,Education,751,6,258,68.27,2018-02-15,0
10633,34,Male,East,Graduate,Salaried,1053275,708139,Car,404,3,221,17.31,2023-08-20,1
10634,35,Other,North,Graduate,Salaried,2417357,923272,Home,449,4,162,42.5,2019-10-26,0
10635,51,Male,West,Post-Graduate,Salaried,1949971,1230403,Other,445,4,167,39.69,2019-07-27,0
10636,21,Female,West,Secondary,Salaried,1294337,351407,Education,598,10,475,53.08,2023-07-23,0
10637,23,Male,East,Graduate,Self-Employed,1574473,367231,Business,466,4,371,80.77,2022-04-03,1
10638,36,Female,North,Graduate,Salaried,2084790,625770,Car,347,9,148,57.51,2022-06-10,0
10639,43,Male,West,Post-Graduate,Salaried,1534704,172989,Home,538,8,230,10.54,2020-07-01,0
10640,31,Other,South,Graduate,Salaried,723881,876547,Car,306,9,282,63.99,2019-10-02,0
10641,32,Male,East,Secondary,Self-Employed,2060617,326393,Business,763,2,163,5.74,2020-06-27,0
10642,30,Male,West,Post-Graduate,Salaried,1168454,1014329,Home,752,5,258,75.2,2024-02-04,0
10643,52,Male,South,Secondary,Self-Employed,2252361,684649,Business,670,7,288,65.0,2020-05-18,0
10644,36,Male,West,Graduate,Self-Employed,1849564,349850,Car,848,10,449,32.79,2020-10-26,0
10645,28,Female,South,Graduate,Salaried,1809461,1459761,Education,786,8,445,31.32,2020-05-02,0
10646,58,Male,East,Secondary,Unemployed,1208503,91139,Car,510,12,313,76.84,2018-11-03,1
10647,32,Female,West,Primary,Unemployed,791621,689207,Car,464,6,285,75.5,2024-07-02,1
10648,44,Male,West,Graduate,Self-Employed,2386157,821965,Car,424,11,11,36.71,2022-12-22,0
10649,48,Male,North,Primary,Self-Employed,1826644,353446,Other,636,2,97,31.91,2019-01-30,0
10650,28,Female,East,Graduate,Salaried,1763560,1324332,Business,491,0,296,55.38,2024-06-05,1
10651,48,Female,South,Primary,Salaried,2443673,1448558,Business,513,3,420,5.75,2020-01-19,1
10652,56,Male,West,Primary,Salaried,599764,1035663,Business,627,12,139,12.44,2024-05-21,0
10653,46,Male,West,Primary,Salaried,1599589,714006,Other,680,5,87,16.36,2018-11-26,0
10654,28,Male,South,Secondary,Unemployed,366486,1095716,Education,538,2,269,21.69,2023-09-29,1
10655,48,Female,East,Primary,Salaried,576888,914785,Car,831,0,250,51.08,2023-07-25,0
10656,48,Female,North,Primary,Self-Employed,985988,1449712,Education,381,5,150,94.3,2020-02-12,1
10657,57,Male,North,Primary,Self-Employed,1060155,887860,Other,662,0,237,63.74,2022-07-04,0
10658,61,Female,West,Graduate,Self-Employed,700428,107939,Business,804,8,172,10.52,2022-09-29,0
10659,56,Female,South,Primary,Unemployed,413328,73548,Car,501,10,245,52.3,2019-01-13,0
10660,47,Female,West,Graduate,Salaried,2239706,506437,Home,803,11,137,49.7,2022-11-23,0
10661,37,Female,South,Primary,Salaried,1626285,483917,Home,336,0,209,17.98,2022-06-12,1
10662,29,Male,North,Primary,Salaried,1878782,494503,Education,701,12,459,87.82,2020-09-26,0
10663,53,Male,East,Secondary,Salaried,261361,187799,Business,475,5,399,44.67,2023-01-23,0
10664,40,Male,South,Graduate,Salaried,1876131,815820,Home,844,0,40,94.51,2022-04-11,1
10665,33,Male,North,Primary,Salaried,547172,231789,Education,766,11,147,42.81,2020-02-13,0
10666,48,Female,West,Graduate,Self-Employed,1215131,475643,Other,500,6,30,59.72,2020-12-19,0
10667,49,Female,South,Graduate,Salaried,764673,484352,Education,839,2,243,14.43,2022-12-09,0
10668,33,Male,East,Post-Graduate,Salaried,405658,852009,Education,846,5,211,45.88,2021-01-03,0
10669,55,Male,West,Secondary,Self-Employed,1640641,1445875,Education,693,6,288,26.49,2023-08-13,0
10670,26,Male,West,Secondary,Salaried,1880283,161776,Car,341,0,140,80.2,2022-05-18,1
10671,38,Female,North,Secondary,Salaried,904085,935678,Education,692,0,425,75.55,2020-01-18,1
10672,25,Male,South,Post-Graduate,Self-Employed,2350996,832119,Education,740,12,157,79.18,2022-01-11,0
10673,45,Female,West,Post-Graduate,Self-Employed,1289897,563624,Car,805,4,467,70.12,2022-10-31,0
10674,22,Male,East,Secondary,Self-Employed,985488,262803,Car,619,5,38,79.94,2024-05-11,0
10675,30,Male,South,Post-Graduate,Salaried,1917787,208761,Other,514,8,370,23.07,2022-04-03,0
10676,50,Other,East,Post-Graduate,Self-Employed,2345386,547873,Business,370,0,317,45.68,2022-06-04,1
10677,25,Other,West,Post-Graduate,Self-Employed,901993,407092,Home,535,12,380,67.27,2024-03-12,0
10678,53,Male,East,Secondary,Salaried,875571,71341,Home,580,3,439,62.37,2022-02-17,1
10679,21,Female,North,Secondary,Self-Employed,978282,409698,Education,461,9,171,69.47,2018-11-25,0
10680,38,Female,East,Secondary,Self-Employed,621761,1304329,Other,490,7,366,25.18,2024-04-21,0
10681,52,Female,South,Post-Graduate,Salaried,1871793,358474,Education,308,9,349,13.86,2021-11-11,0
10682,31,Male,East,Secondary,Salaried,1421209,823429,Home,359,8,70,87.51,2018-05-06,1
10683,41,Female,East,Post-Graduate,Unemployed,1119752,1448479,Car,524,12,134,55.42,2020-02-06,0
10684,46,Female,North,Primary,Self-Employed,467942,773776,Business,586,2,465,18.84,2022-04-23,1
10685,45,Female,East,Post-Graduate,Salaried,487462,1447527,Other,468,10,80,76.41,2021-05-12,1
10686,42,Male,East,Graduate,Self-Employed,1564906,869745,Car,361,1,335,87.34,2021-04-10,1
10687,47,Male,West,Secondary,Salaried,500046,359044,Business,648,3,404,20.26,2022-10-25,0
10688,33,Male,West,Secondary,Salaried,571773,128840,Other,741,1,373,78.57,2018-08-05,1
10689,53,Female,South,Graduate,Salaried,518863,1264343,Other,313,0,475,88.99,2021-09-21,1
10690,54,Male,West,Post-Graduate,Unemployed,1518328,211297,Home,463,11,252,89.45,2021-08-14,1
10691,61,Female,West,Primary,Unemployed,2354601,922504,Car,719,2,499,87.27,2020-04-11,1
10692,55,Other,West,Graduate,Salaried,1301404,99156,Other,819,6,258,54.18,2018-07-01,0
10693,21,Male,West,Graduate,Salaried,1325189,258281,Other,847,12,230,37.06,2018-11-30,0
10694,41,Female,North,Post-Graduate,Salaried,222095,137453,Business,327,12,482,5.65,2019-05-26,0
10695,26,Male,West,Secondary,Unemployed,237593,1048412,Home,745,0,456,10.48,2019-01-18,0
10696,48,Female,North,Post-Graduate,Unemployed,841252,75938,Education,507,1,30,43.6,2023-03-12,1
10697,37,Male,North,Graduate,Self-Employed,1537962,109164,Home,769,0,396,40.94,2018-11-28,0
10698,25,Female,West,Graduate,Self-Employed,1052473,497746,Education,403,7,91,21.62,2021-04-03,0
10699,51,Female,East,Secondary,Self-Employed,276202,773559,Car,725,4,353,40.59,2021-06-19,0
10700,25,Female,North,Secondary,Salaried,2324758,634570,Car,400,7,376,20.72,2020-06-18,0
10701,58,Female,East,Secondary,Salaried,268542,1408521,Other,840,2,495,81.39,2019-10-04,1
10702,23,Female,East,Post-Graduate,Salaried,1567158,452681,Car,821,12,19,31.84,2021-06-04,0
10703,43,Female,West,Secondary,Self-Employed,1985932,1364046,Other,405,11,420,58.87,2019-09-26,0
10704,57,Female,South,Graduate,Self-Employed,1356126,1214395,Home,576,6,21,50.26,2024-11-03,0
10705,57,Female,West,Graduate,Salaried,1793906,1365483,Car,364,7,272,9.67,2018-07-15,0
10706,30,Male,South,Primary,Unemployed,605433,531873,Home,487,5,154,89.8,2023-03-09,1
10707,30,Female,South,Post-Graduate,Salaried,774987,191900,Home,616,12,458,52.45,2019-04-03,0
10708,39,Female,West,Primary,Salaried,240140,1408308,Car,437,12,201,34.26,2020-04-09,0
10709,37,Female,West,Graduate,Self-Employed,1665554,847653,Home,642,6,259,19.23,2024-04-23,0
10710,41,Male,South,Primary,Self-Employed,1734645,454427,Car,404,11,123,35.47,2023-08-19,0
10711,34,Female,West,Graduate,Self-Employed,1597307,587857,Car,845,1,35,6.85,2021-05-09,0
10712,29,Male,South,Primary,Salaried,1578078,1326542,Car,679,7,280,37.72,2020-06-05,0
10713,21,Female,East,Secondary,Salaried,1496853,87860,Education,409,4,42,52.83,2019-01-28,0
10714,33,Male,West,Primary,Self-Employed,1296204,252630,Home,844,6,71,83.47,2022-08-03,0
10715,24,Female,East,Secondary,Salaried,631799,718875,Business,653,0,238,66.86,2024-09-12,0
10716,21,Other,North,Secondary,Salaried,1350118,645983,Car,616,4,312,15.04,2024-07-06,0
10717,60,Male,East,Post-Graduate,Self-Employed,2289826,303078,Home,565,0,104,18.3,2023-12-22,1
10718,52,Other,East,Secondary,Salaried,2374724,816887,Other,364,11,44,43.53,2020-07-04,0
10719,54,Male,South,Secondary,Self-Employed,1948594,418893,Car,632,12,202,22.61,2020-07-23,0
10720,48,Female,East,Primary,Self-Employed,2045618,1054731,Car,812,7,465,7.51,2018-12-21,0
10721,51,Female,West,Graduate,Salaried,595935,1254552,Business,432,3,85,77.45,2022-03-02,1
10722,28,Female,South,Post-Graduate,Salaried,1251627,765295,Education,839,3,388,6.76,2024-05-26,0
10723,59,Female,North,Secondary,Self-Employed,1401661,1042652,Education,834,1,258,79.76,2019-09-21,1
10724,46,Female,West,Post-Graduate,Self-Employed,1264100,1104212,Car,795,4,92,17.97,2021-03-16,0
10725,54,Male,North,Primary,Self-Employed,1659390,311578,Home,668,0,34,92.72,2018-11-23,1
10726,23,Male,East,Secondary,Self-Employed,2157878,1437849,Other,398,8,66,59.35,2021-12-09,0
10727,32,Female,West,Primary,Self-Employed,667733,333816,Other,616,4,41,71.15,2024-03-07,0
10728,21,Female,West,Post-Graduate,Unemployed,465617,1326269,Home,422,5,328,14.94,2021-11-22,0
10729,64,Female,North,Primary,Salaried,1954053,571393,Car,619,1,21,82.59,2021-01-31,1
10730,25,Female,West,Post-Graduate,Salaried,1243015,1099230,Other,794,9,328,80.53,2022-11-16,0
10731,50,Male,West,Primary,Salaried,2237024,628921,Education,756,9,342,63.77,2022-03-12,0
10732,50,Female,West,Post-Graduate,Salaried,426452,1115719,Home,821,0,101,50.2,2023-03-30,0
10733,37,Male,East,Graduate,Salaried,241563,630222,Business,819,3,10,69.93,2021-05-17,0
10734,43,Female,North,Primary,Salaried,1495801,1428054,Car,614,6,444,5.53,2023-05-11,0
10735,35,Male,West,Primary,Unemployed,1642175,677751,Home,841,5,335,58.32,2024-10-11,0
10736,57,Male,South,Graduate,Salaried,1732701,175851,Other,778,9,145,81.27,2019-01-28,0
10737,41,Male,South,Graduate,Salaried,909495,603375,Car,319,0,205,37.12,2020-04-05,1
10738,34,Male,South,Primary,Salaried,1840992,716978,Education,429,0,142,14.75,2023-03-28,1
10739,22,Female,South,Graduate,Salaried,317896,844878,Car,592,7,482,42.88,2024-07-23,0
10740,31,Male,East,Secondary,Salaried,1887009,361011,Car,431,3,95,70.44,2018-02-19,1
10741,59,Male,West,Post-Graduate,Salaried,1167497,494244,Education,655,4,485,14.66,2021-10-28,0
10742,58,Male,North,Post-Graduate,Salaried,180063,208272,Education,353,12,304,23.54,2020-11-16,0
10743,54,Male,West,Post-Graduate,Self-Employed,404371,276179,Car,686,6,288,18.28,2020-03-10,0
10744,58,Male,East,Secondary,Self-Employed,2349318,924506,Education,564,7,333,76.73,2022-11-28,1
10745,54,Male,South,Graduate,Self-Employed,1213082,1316084,Home,514,9,189,10.66,2021-09-25,0
10746,38,Female,East,Graduate,Self-Employed,1423989,400036,Education,759,6,13,66.79,2024-06-06,0
10747,50,Female,West,Primary,Salaried,1312180,1318207,Education,757,1,135,37.98,2022-04-15,0
10748,35,Female,North,Graduate,Self-Employed,570888,432188,Car,342,3,184,73.02,2024-01-23,1
10749,47,Male,East,Primary,Self-Employed,1513133,89148,Home,577,9,260,91.79,2024-06-21,1
10750,54,Male,North,Secondary,Salaried,1453692,1250346,Business,429,11,30,15.31,2018-01-01,0
10751,58,Female,East,Post-Graduate,Self-Employed,1525786,485686,Business,649,0,494,33.29,2020-10-16,0
10752,53,Female,North,Post-Graduate,Salaried,340285,535287,Other,843,9,449,77.91,2021-07-08,0
10753,44,Male,North,Post-Graduate,Self-Employed,2361130,345901,Education,405,8,114,28.95,2018-03-04,0
10754,35,Male,South,Graduate,Unemployed,1357739,128012,Education,300,2,75,24.36,2023-02-13,1
10755,50,Male,North,Primary,Salaried,2351016,963475,Home,731,11,452,79.28,2024-03-19,0
10756,62,Male,South,Primary,Self-Employed,1086114,1037751,Business,605,2,272,93.84,2018-06-01,1
10757,37,Male,West,Secondary,Self-Employed,544295,106116,Other,826,9,58,55.12,2019-10-06,0
10758,25,Female,West,Graduate,Unemployed,1638543,194233,Home,352,8,25,30.02,2019-09-18,0
10759,49,Female,South,Secondary,Salaried,1808990,1130728,Education,819,9,154,40.87,2018-08-05,0
10760,24,Female,South,Primary,Self-Employed,1884887,156379,Business,629,2,349,20.31,2018-07-15,0
10761,30,Female,East,Primary,Salaried,2372811,1325481,Other,624,7,259,73.57,2020-10-11,0
10762,37,Female,East,Post-Graduate,Salaried,1913808,1119412,Car,413,1,352,74.61,2022-03-02,1
10763,30,Female,East,Graduate,Salaried,1543453,271439,Business,446,12,363,83.76,2022-04-28,1
10764,37,Female,West,Primary,Unemployed,1261288,1285296,Other,465,2,84,7.39,2020-12-16,1
10765,40,Male,East,Post-Graduate,Self-Employed,1921503,1255979,Home,678,1,299,55.58,2022-03-08,0
10766,44,Male,North,Graduate,Self-Employed,275849,1240411,Car,438,0,426,24.28,2019-12-23,1
10767,25,Male,North,Secondary,Unemployed,405493,905876,Other,598,1,291,35.68,2022-05-27,1
10768,54,Female,East,Graduate,Salaried,754111,667397,Other,575,7,75,75.65,2022-10-26,1
10769,26,Female,North,Graduate,Salaried,1302791,1248835,Education,477,8,134,22.28,2022-04-12,0
10770,22,Male,West,Primary,Salaried,2279382,1241605,Business,653,12,328,62.45,2019-10-02,0
10771,33,Female,North,Primary,Salaried,897948,447595,Education,453,1,96,63.91,2023-11-24,1
10772,63,Male,West,Graduate,Salaried,1378312,656306,Car,500,6,50,90.87,2018-06-14,1
10773,63,Female,South,Primary,Salaried,981635,1492669,Other,414,4,479,74.76,2018-08-03,0
10774,31,Male,South,Primary,Salaried,1527397,1444028,Education,367,2,195,77.33,2020-12-30,1
10775,43,Male,South,Primary,Salaried,1617217,370057,Business,744,8,363,52.84,2018-03-31,0
10776,36,Female,South,Post-Graduate,Salaried,381414,576925,Car,744,5,389,21.81,2022-12-01,0
10777,51,Male,North,Post-Graduate,Salaried,406812,515994,Home,625,10,344,43.3,2021-06-05,0
10778,31,Male,East,Graduate,Unemployed,2213729,878457,Education,658,0,275,54.45,2021-01-07,0
10779,36,Male,North,Primary,Self-Employed,1793083,806547,Car,444,4,280,66.06,2019-08-31,0
10780,28,Female,West,Post-Graduate,Unemployed,2165726,411652,Home,574,6,51,59.69,2018-12-15,0
10781,24,Female,North,Graduate,Salaried,2418108,656752,Education,808,3,102,40.46,2018-09-03,0
10782,60,Male,North,Primary,Salaried,1556065,1389462,Car,478,7,194,28.88,2018-09-29,0
10783,24,Female,West,Secondary,Self-Employed,1560808,586119,Car,776,9,224,20.14,2023-07-24,0
10784,45,Female,South,Primary,Salaried,1005754,163768,Education,713,4,26,67.45,2019-02-07,0
10785,23,Male,South,Primary,Salaried,171650,821271,Car,452,8,453,63.09,2022-01-05,0
10786,52,Male,South,Post-Graduate,Salaried,1554962,1445812,Other,403,8,274,66.86,2021-04-10,0
10787,23,Male,East,Graduate,Salaried,2023204,927311,Education,374,8,123,38.53,2020-12-15,0
10788,47,Male,West,Graduate,Salaried,1369309,962969,Car,427,0,301,28.62,2022-06-03,1
10789,49,Female,West,Post-Graduate,Salaried,2489189,1014266,Home,644,1,466,73.37,2021-01-31,0
10790,52,Male,North,Primary,Self-Employed,356251,679112,Home,830,2,473,74.63,2018-10-11,0
10791,39,Female,East,Secondary,Salaried,2268194,1066462,Other,458,3,301,46.01,2019-06-01,1
10792,41,Female,South,Primary,Salaried,1975706,1187317,Education,837,9,57,60.07,2021-07-25,0
10793,25,Male,East,Primary,Self-Employed,1128582,1117406,Car,725,8,316,38.62,2019-09-04,0
10794,38,Female,West,Secondary,Salaried,468903,1415764,Car,322,9,106,68.18,2020-01-20,0
10795,48,Male,West,Post-Graduate,Salaried,1566693,910380,Home,346,12,384,80.21,2021-07-16,1
10796,62,Other,North,Graduate,Self-Employed,2029314,119202,Other,824,5,104,66.94,2023-01-31,0
10797,42,Female,North,Post-Graduate,Salaried,1044801,349189,Home,443,0,335,51.13,2019-02-04,1
10798,41,Female,West,Post-Graduate,Salaried,1874854,267394,Home,718,11,83,46.28,2022-03-07,0
10799,26,Female,South,Primary,Salaried,964811,1300699,Other,384,8,345,62.81,2023-07-18,0
10800,21,Male,South,Graduate,Salaried,532811,207699,Education,715,5,77,66.18,2023-11-04,0
10801,25,Female,East,Graduate,Salaried,651691,327342,Car,781,3,255,55.29,2018-11-16,0
10802,61,Female,West,Post-Graduate,Self-Employed,1158314,905953,Education,755,3,415,61.24,2020-11-21,0
10803,32,Female,West,Secondary,Salaried,364304,554655,Business,596,2,86,13.69,2018-12-02,1
10804,46,Female,South,Post-Graduate,Salaried,1867787,286824,Business,411,6,217,90.66,2023-09-30,1
10805,54,Female,South,Secondary,Salaried,2102634,1117979,Business,529,2,381,76.17,2018-06-23,1
10806,34,Male,West,Graduate,Salaried,1061612,1102257,Other,395,1,263,38.65,2022-06-30,1
10807,46,Male,North,Post-Graduate,Self-Employed,351904,403699,Home,677,9,230,55.65,2019-05-16,0
10808,47,Female,West,Primary,Salaried,861716,1098072,Education,455,7,271,9.26,2023-10-25,0
10809,29,Male,West,Post-Graduate,Salaried,2252882,679674,Car,720,3,419,8.71,2024-06-21,0
10810,46,Female,South,Graduate,Salaried,1605713,448845,Business,404,7,340,27.57,2023-01-31,0
10811,42,Female,South,Primary,Salaried,1849660,143246,Education,629,0,353,67.07,2023-03-12,0
10812,50,Male,North,Primary,Salaried,2066541,1194440,Business,738,4,486,81.69,2022-07-22,0
10813,63,Male,North,Secondary,Self-Employed,495430,258886,Business,431,12,268,55.33,2022-09-15,0
10814,37,Female,East,Primary,Salaried,978411,320561,Car,681,8,317,52.89,2022-11-14,0
10815,46,Male,West,Primary,Salaried,2007845,1479608,Other,437,0,83,41.21,2019-11-28,1
10816,56,Female,South,Post-Graduate,Salaried,2089983,1264413,Home,569,10,134,19.54,2020-01-02,0
10817,21,Male,North,Graduate,Self-Employed,1719186,910931,Other,849,12,197,15.65,2020-12-30,0
10818,28,Female,East,Secondary,Salaried,2268075,1343736,Education,695,3,263,73.46,2019-10-14,0
10819,55,Male,East,Post-Graduate,Self-Employed,997405,237646,Other,763,5,456,88.48,2020-12-30,0
10820,35,Female,South,Primary,Self-Employed,1594679,1070332,Education,749,9,330,46.25,2018-02-15,0
10821,42,Male,South,Primary,Self-Employed,2441947,833566,Education,630,7,317,64.35,2020-12-06,0
10822,34,Female,East,Secondary,Salaried,383462,864107,Home,552,2,244,87.3,2021-12-16,1
10823,46,Male,North,Graduate,Salaried,2298565,1355257,Car,584,4,483,13.11,2024-01-06,0
10824,48,Female,East,Secondary,Self-Employed,2118921,585620,Home,573,6,259,74.34,2019-04-01,0
10825,43,Female,West,Post-Graduate,Unemployed,1532296,829105,Other,319,0,341,60.51,2022-07-21,1
10826,34,Male,West,Secondary,Self-Employed,1471024,855609,Education,538,6,407,58.88,2020-08-23,0
10827,44,Male,South,Primary,Salaried,560226,966992,Business,569,12,354,31.33,2023-07-14,0
10828,22,Male,North,Post-Graduate,Salaried,1325615,270326,Business,717,11,81,66.55,2020-05-18,0
10829,46,Female,North,Primary,Salaried,1914694,773807,Education,609,10,244,76.53,2022-03-09,0
10830,34,Female,West,Graduate,Self-Employed,1885594,1360425,Home,330,7,333,15.16,2020-09-27,0
10831,27,Female,East,Primary,Salaried,2427226,369248,Car,403,7,165,53.02,2020-02-13,0
10832,23,Male,South,Primary,Salaried,1957254,396479,Home,485,8,464,14.11,2024-04-10,0
10833,43,Male,East,Secondary,Self-Employed,806735,1475658,Education,427,5,403,83.53,2024-08-26,1
10834,63,Female,East,Primary,Salaried,1822349,1179306,Education,509,11,124,50.69,2021-01-31,0
10835,38,Female,East,Post-Graduate,Self-Employed,958524,1496743,Car,713,5,322,77.72,2020-11-26,0
10836,58,Other,North,Post-Graduate,Salaried,281562,1336050,Other,580,1,237,38.13,2022-08-05,1
10837,55,Male,West,Graduate,Salaried,1202305,340477,Other,552,2,331,16.26,2022-03-24,1
10838,35,Female,North,Post-Graduate,Salaried,1859910,333817,Car,318,3,355,8.73,2019-02-01,1
10839,45,Male,West,Secondary,Self-Employed,1545936,950853,Other,435,3,254,30.34,2024-06-01,1
10840,57,Male,South,Graduate,Salaried,408360,303017,Business,522,7,315,26.98,2018-04-17,0
10841,48,Female,South,Post-Graduate,Salaried,778177,701824,Other,302,0,23,55.43,2020-08-11,1
10842,30,Female,East,Secondary,Unemployed,510306,383245,Other,535,9,25,6.96,2023-01-23,0
10843,59,Other,West,Post-Graduate,Salaried,1654558,859253,Other,764,3,447,51.85,2020-07-22,0
10844,37,Male,West,Post-Graduate,Salaried,1608857,1124070,Business,527,10,436,40.26,2018-10-15,0
10845,59,Male,West,Primary,Salaried,1744502,1486803,Other,798,11,51,56.94,2019-12-07,0
10846,42,Female,East,Post-Graduate,Salaried,1638303,424842,Business,820,12,474,68.22,2023-08-06,0
10847,46,Female,East,Post-Graduate,Self-Employed,1938243,423704,Car,438,10,119,62.07,2022-01-24,0
10848,64,Male,South,Secondary,Salaried,668490,1492627,Home,575,10,287,93.62,2018-08-03,1
10849,45,Male,North,Secondary,Salaried,1954933,1092630,Car,590,3,333,17.44,2021-07-28,1
10850,37,Male,West,Primary,Salaried,2223946,330790,Home,352,0,28,43.68,2023-06-01,1
10851,33,Female,West,Post-Graduate,Self-Employed,184924,173777,Car,409,2,75,43.23,2022-01-22,1
10852,40,Male,North,Primary,Salaried,1411368,1398055,Home,303,4,176,42.53,2022-12-30,0
10853,45,Male,West,Post-Graduate,Salaried,1632526,905783,Home,346,5,82,64.74,2018-12-10,0
10854,24,Male,East,Graduate,Salaried,2053124,951366,Education,393,8,412,49.08,2018-07-13,0
10855,30,Male,East,Graduate,Salaried,2210583,183501,Home,512,8,409,51.57,2018-06-07,0
10856,23,Male,West,Primary,Salaried,620192,1402670,Home,735,8,319,43.91,2019-04-10,0
10857,61,Female,East,Primary,Salaried,1737542,634942,Education,807,10,418,94.25,2023-11-22,0
10858,38,Male,East,Primary,Self-Employed,812132,419566,Other,504,0,121,88.48,2023-09-13,1
10859,56,Female,West,Secondary,Salaried,1790027,1470654,Other,680,11,283,32.7,2022-10-16,0
10860,42,Male,South,Secondary,Unemployed,304536,169975,Education,372,8,416,15.04,2024-06-30,0
10861,54,Female,North,Secondary,Unemployed,725425,773503,Business,815,12,382,80.58,2019-08-15,0
10862,28,Female,East,Primary,Salaried,573448,1451906,Home,375,7,94,94.75,2023-12-29,1
10863,60,Female,South,Post-Graduate,Salaried,2190104,1464954,Home,376,1,148,31.33,2020-11-20,1
10864,64,Female,East,Graduate,Salaried,774773,1176103,Education,709,12,48,37.2,2020-06-02,0
10865,39,Male,East,Primary,Self-Employed,2167528,398848,Education,405,10,114,89.75,2018-03-04,1
10866,62,Male,North,Secondary,Salaried,1828332,216991,Business,850,0,333,69.0,2021-01-15,0
10867,61,Female,East,Secondary,Salaried,1152021,146952,Other,775,0,290,31.61,2018-10-31,0
10868,57,Other,North,Primary,Salaried,2248053,383260,Car,574,11,456,57.29,2020-12-20,0
10869,26,Female,North,Primary,Self-Employed,2335132,515806,Other,387,5,489,89.98,2019-01-31,1
10870,46,Female,North,Secondary,Self-Employed,1568314,926058,Home,376,8,423,78.06,2018-11-30,1
10871,54,Female,South,Post-Graduate,Salaried,939313,96015,Education,376,6,438,71.76,2019-02-15,0
10872,26,Male,West,Secondary,Self-Employed,442007,152877,Business,741,4,132,71.33,2024-05-20,0
10873,57,Male,South,Secondary,Salaried,1674960,1376059,Other,839,10,227,21.02,2019-04-11,0
10874,53,Female,West,Primary,Salaried,2498991,443922,Business,544,1,386,79.22,2018-03-21,1
10875,42,Female,West,Post-Graduate,Self-Employed,1519971,721088,Other,681,0,70,29.85,2021-01-05,0
10876,41,Male,North,Secondary,Salaried,746860,974501,Home,441,1,109,88.73,2023-06-01,1
10877,26,Female,East,Secondary,Salaried,1762119,765768,Car,667,0,316,37.82,2020-01-03,0
10878,26,Male,North,Graduate,Salaried,537773,1025601,Business,383,2,363,82.19,2022-12-23,1
10879,24,Female,East,Primary,Self-Employed,2232816,441670,Business,442,5,402,28.96,2022-04-13,0
10880,50,Male,West,Graduate,Self-Employed,172499,481739,Car,651,12,213,51.31,2021-10-16,0
10881,31,Male,North,Graduate,Self-Employed,776840,1385883,Business,844,7,267,14.62,2023-10-26,0
10882,50,Female,East,Secondary,Self-Employed,594844,661796,Business,451,2,495,64.41,2021-04-02,1
10883,51,Male,South,Primary,Salaried,1784224,789127,Other,457,9,14,80.25,2021-04-13,1
10884,44,Female,East,Post-Graduate,Salaried,1596395,1400339,Other,745,8,455,69.66,2022-05-31,0
10885,29,Female,North,Secondary,Salaried,1021905,1372846,Car,602,9,206,52.09,2024-04-11,0
10886,23,Female,South,Post-Graduate,Salaried,293704,90633,Home,749,4,189,9.06,2018-05-02,0
10887,51,Male,East,Post-Graduate,Salaried,1290449,1307302,Business,523,6,351,89.01,2018-07-04,1
10888,60,Male,East,Primary,Unemployed,215756,1101893,Home,342,7,142,68.49,2018-02-01,0
10889,57,Male,East,Graduate,Salaried,1517064,357124,Car,563,2,452,72.13,2020-09-24,1
10890,56,Other,East,Primary,Salaried,1320473,880547,Car,302,1,333,76.52,2023-06-10,1
10891,44,Female,East,Post-Graduate,Salaried,670082,761323,Other,567,1,262,72.3,2019-07-23,1
10892,51,Female,South,Secondary,Salaried,1193361,1466084,Business,315,4,274,44.7,2024-06-15,0
10893,26,Female,West,Post-Graduate,Unemployed,2330943,1376224,Education,633,0,102,71.03,2021-10-27,0
10894,22,Female,South,Secondary,Salaried,1878235,773953,Car,763,1,159,61.25,2022-08-07,0
10895,40,Female,South,Secondary,Salaried,2075464,469876,Business,358,12,420,81.86,2020-04-09,1
10896,48,Male,South,Primary,Self-Employed,2066796,976109,Home,476,8,147,77.22,2022-06-08,1
10897,31,Female,West,Post-Graduate,Salaried,1436188,1418108,Other,362,6,217,8.72,2020-12-15,0
10898,24,Male,North,Graduate,Salaried,583797,1310945,Home,606,5,499,39.1,2020-03-01,0
10899,35,Female,West,Post-Graduate,Salaried,950607,758669,Car,545,8,134,8.12,2020-09-20,0
10900,26,Female,South,Post-Graduate,Salaried,2237784,77043,Car,588,6,243,14.19,2018-03-19,0
10901,50,Female,East,Graduate,Unemployed,2384415,83635,Home,631,10,70,59.13,2018-04-18,0
10902,58,Male,East,Primary,Self-Employed,1934094,260387,Car,826,4,316,83.64,2021-07-20,0
10903,22,Male,South,Post-Graduate,Salaried,1052153,1179267,Business,554,8,275,15.78,2023-08-25,0
10904,35,Male,East,Post-Graduate,Self-Employed,2294797,549730,Car,809,5,143,45.6,2019-01-05,0
10905,31,Male,South,Secondary,Salaried,389608,1056891,Other,762,5,327,86.98,2024-03-02,0
10906,28,Male,East,Post-Graduate,Salaried,697571,1192520,Business,498,10,122,78.29,2023-06-28,1
10907,46,Female,West,Graduate,Salaried,499115,777467,Education,570,3,398,51.77,2022-08-31,1
10908,64,Female,North,Secondary,Salaried,252780,505796,Car,363,12,387,74.44,2019-03-17,0
10909,25,Male,North,Primary,Salaried,1621816,951699,Car,529,11,463,52.04,2018-08-15,0
10910,26,Male,West,Secondary,Self-Employed,1641422,1047057,Other,548,0,200,19.23,2024-07-29,1
10911,46,Male,West,Graduate,Unemployed,967166,1137812,Other,545,4,388,16.23,2019-09-15,0
10912,24,Female,South,Graduate,Salaried,1003159,1364870,Home,456,10,449,21.95,2020-10-21,0
10913,39,Female,South,Secondary,Salaried,1045596,1472089,Home,387,8,196,36.58,2022-04-26,0
10914,40,Female,South,Primary,Salaried,733043,855855,Home,612,12,328,88.75,2022-07-02,0
10915,53,Female,East,Secondary,Salaried,1750720,604280,Other,365,7,376,76.97,2021-03-30,1
10916,40,Other,South,Primary,Salaried,2140242,1061942,Home,319,7,98,43.95,2018-06-10,0
10917,32,Female,West,Secondary,Salaried,1992995,165140,Home,332,4,196,49.38,2020-05-20,0
10918,21,Male,North,Graduate,Self-Employed,2343654,225993,Education,372,11,316,28.9,2022-10-12,0
10919,46,Female,East,Post-Graduate,Salaried,2119412,903349,Home,642,8,443,68.39,2021-03-20,0
10920,34,Male,South,Post-Graduate,Salaried,740611,1434410,Car,432,2,141,77.25,2019-03-20,1
10921,58,Female,East,Primary,Salaried,582206,1394955,Other,354,2,369,26.5,2022-11-26,1
10922,57,Male,East,Primary,Salaried,887902,260047,Business,360,0,132,8.76,2022-02-03,1
10923,31,Female,South,Primary,Salaried,1677553,336100,Education,819,8,57,61.15,2019-04-08,0
10924,56,Female,East,Graduate,Self-Employed,578556,113879,Other,571,5,297,55.63,2019-04-18,0
10925,33,Female,North,Secondary,Salaried,1828083,632848,Other,545,1,385,41.19,2018-03-21,1
10926,63,Female,West,Graduate,Self-Employed,2000697,1088939,Car,475,7,188,62.95,2020-11-28,0
10927,23,Male,West,Post-Graduate,Salaried,1832620,422454,Home,616,11,189,54.56,2018-08-28,0
10928,53,Male,North,Primary,Salaried,630350,774045,Car,430,8,108,27.55,2019-07-11,0
10929,26,Male,East,Secondary,Salaried,646232,992164,Home,401,8,339,40.8,2019-08-13,0
10930,30,Male,South,Post-Graduate,Self-Employed,1837023,1095533,Home,609,1,43,43.53,2021-09-22,0
10931,25,Female,East,Post-Graduate,Salaried,1899182,1335844,Other,591,1,429,84.22,2023-02-28,1
10932,43,Male,North,Post-Graduate,Self-Employed,2196719,529280,Home,794,12,79,91.48,2023-05-30,0
10933,30,Other,East,Graduate,Salaried,1576548,837600,Education,660,6,180,85.37,2021-07-27,0
10934,64,Female,West,Primary,Self-Employed,1996780,357268,Education,637,10,375,69.73,2021-02-13,0
10935,22,Female,East,Post-Graduate,Salaried,1025817,720392,Education,309,3,281,57.65,2024-05-05,1
10936,33,Male,North,Primary,Self-Employed,2174611,1413517,Other,348,12,68,67.03,2023-04-24,0
10937,60,Female,West,Graduate,Salaried,400231,1249399,Car,786,0,190,89.52,2018-12-01,1
10938,22,Female,East,Post-Graduate,Unemployed,1211516,604661,Business,620,7,28,27.5,2018-11-08,0
10939,40,Female,East,Graduate,Salaried,530171,172026,Home,432,1,235,53.16,2020-12-12,1
10940,21,Female,West,Graduate,Salaried,691220,1128846,Business,382,2,482,67.06,2018-02-03,1
10941,57,Female,South,Primary,Salaried,1128935,977890,Car,356,4,104,66.13,2023-01-16,0
10942,29,Male,West,Post-Graduate,Self-Employed,1223224,1331507,Car,675,2,378,27.71,2019-01-21,0
10943,37,Female,South,Graduate,Salaried,1180451,1163760,Other,648,6,306,57.81,2018-09-06,0
10944,29,Male,North,Post-Graduate,Self-Employed,2280118,557532,Education,570,6,90,76.63,2021-02-08,1
10945,31,Male,North,Primary,Salaried,570993,785053,Education,782,1,184,47.76,2021-12-04,0
10946,35,Male,West,Graduate,Salaried,2410791,612167,Car,410,12,231,76.4,2021-04-17,1
10947,44,Male,West,Primary,Salaried,396331,1072560,Other,375,12,112,37.39,2020-03-04,0
10948,58,Male,North,Post-Graduate,Unemployed,1241174,361741,Other,457,6,63,89.49,2020-05-01,1
10949,55,Male,South,Post-Graduate,Self-Employed,340271,1006636,Home,831,10,192,53.05,2019-01-11,0
10950,50,Other,North,Primary,Unemployed,557014,53626,Education,628,5,360,58.64,2019-12-25,0
10951,51,Female,West,Secondary,Salaried,997516,258137,Car,421,9,412,7.82,2022-05-30,0
10952,25,Other,North,Graduate,Self-Employed,2495156,984149,Business,340,8,327,20.32,2023-03-29,0
10953,64,Male,West,Post-Graduate,Self-Employed,1153510,797320,Education,466,12,364,61.96,2018-07-21,0
10954,34,Male,West,Post-Graduate,Salaried,167118,194454,Home,322,8,358,42.79,2024-10-28,0
10955,31,Female,North,Graduate,Self-Employed,1221192,486442,Other,578,1,452,50.73,2023-04-27,1
10956,29,Male,South,Primary,Unemployed,2379022,1440100,Car,768,6,330,10.67,2024-06-02,0
10957,54,Male,East,Primary,Self-Employed,2010371,304043,Education,699,4,77,80.07,2021-08-24,0
10958,32,Female,North,Primary,Self-Employed,152795,693198,Business,308,12,37,75.61,2019-05-08,1
10959,55,Male,East,Secondary,Salaried,1721480,512927,Home,312,5,283,21.68,2018-12-04,0
10960,55,Female,North,Secondary,Salaried,2080873,670343,Home,351,0,291,62.09,2023-05-23,1
10961,21,Female,East,Post-Graduate,Unemployed,937163,1486909,Education,508,6,369,78.65,2023-02-09,1
10962,60,Male,South,Primary,Salaried,2406246,780070,Business,849,5,412,62.68,2020-03-02,0
10963,42,Male,South,Graduate,Self-Employed,2410554,970947,Home,701,3,320,32.94,2022-02-25,0
10964,49,Female,North,Post-Graduate,Self-Employed,569007,857827,Car,490,0,128,64.05,2023-07-16,1
10965,28,Male,West,Graduate,Self-Employed,1551156,1356648,Home,350,8,389,23.94,2024-06-22,0
10966,31,Male,East,Post-Graduate,Unemployed,373034,160084,Business,692,3,450,33.64,2020-07-30,0
10967,61,Other,West,Secondary,Salaried,1822558,1064391,Other,599,1,143,26.61,2023-10-24,1
10968,57,Male,West,Post-Graduate,Salaried,940671,395876,Other,495,7,138,55.12,2018-02-28,0
10969,34,Female,West,Secondary,Salaried,463559,1079649,Education,716,1,17,14.74,2024-08-30,0
10970,50,Other,South,Post-Graduate,Salaried,218968,523006,Business,719,4,490,89.0,2023-08-25,0
10971,55,Male,North,Primary,Salaried,643891,1440277,Home,821,10,60,35.02,2021-06-08,0
10972,41,Male,North,Graduate,Salaried,734718,907692,Home,655,5,350,24.71,2024-02-25,0
10973,57,Male,South,Primary,Self-Employed,1448648,837839,Other,447,10,481,49.69,2021-10-09,0
10974,25,Male,South,Post-Graduate,Unemployed,2248667,123568,Other,664,12,290,29.93,2018-02-04,0
10975,39,Male,North,Post-Graduate,Salaried,2344358,1157136,Car,663,7,184,53.14,2018-06-11,0
10976,34,Female,West,Post-Graduate,Salaried,2492434,1014844,Other,701,10,192,36.37,2020-06-13,0
10977,46,Male,East,Secondary,Unemployed,1958566,1247442,Car,791,0,201,16.89,2019-04-16,0
10978,24,Female,East,Graduate,Salaried,992672,1249529,Home,528,0,258,28.93,2021-12-17,1
10979,45,Other,East,Graduate,Salaried,2252738,811058,Car,836,11,244,44.46,2018-12-14,0
10980,62,Female,West,Post-Graduate,Salaried,1168725,276024,Car,567,3,92,7.73,2019-11-25,1
10981,45,Female,North,Post-Graduate,Salaried,919565,1279351,Education,704,4,102,74.36,2020-07-23,0
10982,38,Male,South,Secondary,Salaried,1754050,1011858,Other,310,12,382,60.96,2020-07-01,0
10983,60,Female,North,Primary,Unemployed,2267191,141288,Car,619,12,403,59.12,2018-05-27,0
10984,28,Female,West,Primary,Salaried,1759425,521678,Home,425,8,321,54.14,2022-09-08,0
10985,59,Male,South,Graduate,Salaried,2453707,1479740,Business,605,10,277,58.13,2019-11-06,0
10986,60,Male,West,Secondary,Salaried,1689663,935733,Car,810,6,426,89.12,2021-12-10,0
10987,34,Female,East,Post-Graduate,Salaried,1148899,64390,Other,388,6,129,5.77,2022-02-26,0
10988,52,Male,East,Graduate,Self-Employed,1418306,547619,Education,654,7,80,9.3,2021-07-03,0
10989,58,Male,West,Secondary,Self-Employed,2248729,268547,Home,651,4,26,22.23,2019-11-17,0
10990,53,Male,South,Primary,Self-Employed,257792,601595,Education,313,4,262,20.06,2021-01-31,0
10991,43,Male,South,Secondary,Salaried,1970844,277436,Business,556,0,454,21.31,2018-05-01,1
10992,35,Female,North,Primary,Unemployed,1437116,275121,Car,508,8,131,65.47,2024-10-02,0
10993,53,Female,East,Secondary,Self-Employed,1101302,301063,Car,580,5,389,46.35,2024-07-25,0
10994,45,Female,North,Graduate,Self-Employed,160785,1123078,Other,742,8,19,94.26,2018-02-11,0
10995,37,Male,North,Primary,Salaried,1270803,1472533,Car,688,2,296,25.42,2018-01-29,0
10996,53,Male,West,Graduate,Salaried,1055112,278300,Home,782,4,325,32.97,2020-08-23,0
10997,22,Female,West,Graduate,Salaried,300653,153920,Business,446,1,335,93.58,2023-03-31,1
10998,34,Male,North,Primary,Self-Employed,413606,1068056,Education,578,9,282,79.86,2023-06-24,1
10999,60,Male,East,Primary,Salaried,1918109,1443488,Business,820,4,315,47.28,2023-08-24,0
11000,60,Female,West,Post-Graduate,Salaried,1083015,978252,Car,733,12,302,54.91,2020-07-08,0
